USE GsbCampagnes
GO

/*------------------------------------------------------------
-- Table: Ville
------------------------------------------------------------*/
INSERT INTO Ville (CodeInsee, Nom, Arrondissement, CodePostal) VALUES('1004','Ambérieu-en-Bugey','','01500')
INSERT INTO Ville (CodeInsee, Nom, Arrondissement, CodePostal) VALUES('1033','Bellegarde-sur-Valserine','','01200')
INSERT INTO Ville (CodeInsee, Nom, Arrondissement, CodePostal) VALUES('1053','Bourg-en-Bresse','','01000')
INSERT INTO Ville (CodeInsee, Nom, Arrondissement, CodePostal) VALUES('1283','Oyonnax','','01100')
INSERT INTO Ville (CodeInsee, Nom, Arrondissement, CodePostal) VALUES('2168','Château-Thierry','','02400')
INSERT INTO Ville (CodeInsee, Nom, Arrondissement, CodePostal) VALUES('2173','Chauny','','02300')
INSERT INTO Ville (CodeInsee, Nom, Arrondissement, CodePostal) VALUES('2408','Laon','','02000')
INSERT INTO Ville (CodeInsee, Nom, Arrondissement, CodePostal) VALUES('2691','Saint-Quentin','','02100')
INSERT INTO Ville (CodeInsee, Nom, Arrondissement, CodePostal) VALUES('2722','Soissons','','02200')
INSERT INTO Ville (CodeInsee, Nom, Arrondissement, CodePostal) VALUES('2738','Tergnier','','02700')
INSERT INTO Ville (CodeInsee, Nom, Arrondissement, CodePostal) VALUES('3095','Cusset','','03300')
INSERT INTO Ville (CodeInsee, Nom, Arrondissement, CodePostal) VALUES('3185','Montluçon','','03100')
INSERT INTO Ville (CodeInsee, Nom, Arrondissement, CodePostal) VALUES('3190','Moulins','','03000')
INSERT INTO Ville (CodeInsee, Nom, Arrondissement, CodePostal) VALUES('3310','Vichy','','03200')
INSERT INTO Ville (CodeInsee, Nom, Arrondissement, CodePostal) VALUES('3321','Yzeure','','03400')
INSERT INTO Ville (CodeInsee, Nom, Arrondissement, CodePostal) VALUES('4070','Digne-les-Bains','','04000')
INSERT INTO Ville (CodeInsee, Nom, Arrondissement, CodePostal) VALUES('4112','Manosque','','04100')
INSERT INTO Ville (CodeInsee, Nom, Arrondissement, CodePostal) VALUES('5023','Briançon','','05100')
INSERT INTO Ville (CodeInsee, Nom, Arrondissement, CodePostal) VALUES('5061','Gap','','05000')
INSERT INTO Ville (CodeInsee, Nom, Arrondissement, CodePostal) VALUES('6004','Antibes','','06600')
INSERT INTO Ville (CodeInsee, Nom, Arrondissement, CodePostal) VALUES('6012','Beausoleil','','06240')
INSERT INTO Ville (CodeInsee, Nom, Arrondissement, CodePostal) VALUES('6027','Cagnes-sur-Mer','','06800')
INSERT INTO Ville (CodeInsee, Nom, Arrondissement, CodePostal) VALUES('6029','Cannes','','06400')
INSERT INTO Ville (CodeInsee, Nom, Arrondissement, CodePostal) VALUES('6030','Le Cannet','','06110')
INSERT INTO Ville (CodeInsee, Nom, Arrondissement, CodePostal) VALUES('6033','Carros','','06510')
INSERT INTO Ville (CodeInsee, Nom, Arrondissement, CodePostal) VALUES('6069','Grasse','','06130')
INSERT INTO Ville (CodeInsee, Nom, Arrondissement, CodePostal) VALUES('6079','Mandelieu-la-Napoule','','06210')
INSERT INTO Ville (CodeInsee, Nom, Arrondissement, CodePostal) VALUES('6083','Menton','','06500')
INSERT INTO Ville (CodeInsee, Nom, Arrondissement, CodePostal) VALUES('6085','Mougins','','06250')
INSERT INTO Ville (CodeInsee, Nom, Arrondissement, CodePostal) VALUES('6088','Nice','','06000')
INSERT INTO Ville (CodeInsee, Nom, Arrondissement, CodePostal) VALUES('6104','Roquebrune-Cap-Martin','','06190')
INSERT INTO Ville (CodeInsee, Nom, Arrondissement, CodePostal) VALUES('6123','Saint-Laurent-du-Var','','06700')
INSERT INTO Ville (CodeInsee, Nom, Arrondissement, CodePostal) VALUES('6152','Valbonne','','06560')
INSERT INTO Ville (CodeInsee, Nom, Arrondissement, CodePostal) VALUES('6155','Vallauris','','06220')
INSERT INTO Ville (CodeInsee, Nom, Arrondissement, CodePostal) VALUES('6157','Vence','','06140')
INSERT INTO Ville (CodeInsee, Nom, Arrondissement, CodePostal) VALUES('6161','Villeneuve-Loubet','','06270')
INSERT INTO Ville (CodeInsee, Nom, Arrondissement, CodePostal) VALUES('7010','Annonay','','07100')
INSERT INTO Ville (CodeInsee, Nom, Arrondissement, CodePostal) VALUES('7019','Aubenas','','07200')
INSERT INTO Ville (CodeInsee, Nom, Arrondissement, CodePostal) VALUES('8105','Charleville-Mézières','','08090')
INSERT INTO Ville (CodeInsee, Nom, Arrondissement, CodePostal) VALUES('8409','Sedan','','08200')
INSERT INTO Ville (CodeInsee, Nom, Arrondissement, CodePostal) VALUES('9225','Pamiers','','09100')
INSERT INTO Ville (CodeInsee, Nom, Arrondissement, CodePostal) VALUES('10081','La Chapelle-Saint-Luc','','10600')
INSERT INTO Ville (CodeInsee, Nom, Arrondissement, CodePostal) VALUES('10323','Romilly-sur-Seine','','10100')
INSERT INTO Ville (CodeInsee, Nom, Arrondissement, CodePostal) VALUES('10333','Saint-André-les-Vergers','','10120')
INSERT INTO Ville (CodeInsee, Nom, Arrondissement, CodePostal) VALUES('10387','Troyes','','10000')
INSERT INTO Ville (CodeInsee, Nom, Arrondissement, CodePostal) VALUES('11069','Carcassonne','','11000')
INSERT INTO Ville (CodeInsee, Nom, Arrondissement, CodePostal) VALUES('11076','Castelnaudary','','11400')
INSERT INTO Ville (CodeInsee, Nom, Arrondissement, CodePostal) VALUES('11262','Narbonne','','11100')
INSERT INTO Ville (CodeInsee, Nom, Arrondissement, CodePostal) VALUES('12145','Millau','','12100')
INSERT INTO Ville (CodeInsee, Nom, Arrondissement, CodePostal) VALUES('12202','Rodez','','12000')
INSERT INTO Ville (CodeInsee, Nom, Arrondissement, CodePostal) VALUES('12300','Villefranche-de-Rouergue','','12200')
INSERT INTO Ville (CodeInsee, Nom, Arrondissement, CodePostal) VALUES('13001','Aix-en-Provence','','13100')
INSERT INTO Ville (CodeInsee, Nom, Arrondissement, CodePostal) VALUES('13002','Allauch','','13190')
INSERT INTO Ville (CodeInsee, Nom, Arrondissement, CodePostal) VALUES('13004','Arles','','13104')
INSERT INTO Ville (CodeInsee, Nom, Arrondissement, CodePostal) VALUES('13005','Aubagne','','13400')
INSERT INTO Ville (CodeInsee, Nom, Arrondissement, CodePostal) VALUES('13007','Auriol','','13390')
INSERT INTO Ville (CodeInsee, Nom, Arrondissement, CodePostal) VALUES('13014','Berre-l''Étang','','13130')
INSERT INTO Ville (CodeInsee, Nom, Arrondissement, CodePostal) VALUES('13015','Bouc-Bel-Air','','13320')
INSERT INTO Ville (CodeInsee, Nom, Arrondissement, CodePostal) VALUES('13026','Châteauneuf-les-Martigues','','13220')
INSERT INTO Ville (CodeInsee, Nom, Arrondissement, CodePostal) VALUES('13027','Châteaurenard','','13160')
INSERT INTO Ville (CodeInsee, Nom, Arrondissement, CodePostal) VALUES('13028','La Ciotat','','13600')
INSERT INTO Ville (CodeInsee, Nom, Arrondissement, CodePostal) VALUES('13039','Fos-sur-Mer','','13270')
INSERT INTO Ville (CodeInsee, Nom, Arrondissement, CodePostal) VALUES('13041','Gardanne','','13120')
INSERT INTO Ville (CodeInsee, Nom, Arrondissement, CodePostal) VALUES('13047','Istres','','13800')
INSERT INTO Ville (CodeInsee, Nom, Arrondissement, CodePostal) VALUES('13054','Marignane','','13700')
INSERT INTO Ville (CodeInsee, Nom, Arrondissement, CodePostal) VALUES('13056','Martigues','','13500')
INSERT INTO Ville (CodeInsee, Nom, Arrondissement, CodePostal) VALUES('13063','Miramas','','13140')
INSERT INTO Ville (CodeInsee, Nom, Arrondissement, CodePostal) VALUES('13071','Pennes-Mirabeau','','13170')
INSERT INTO Ville (CodeInsee, Nom, Arrondissement, CodePostal) VALUES('13075','Plan-de-Cuques','','13380')
INSERT INTO Ville (CodeInsee, Nom, Arrondissement, CodePostal) VALUES('13077','Port-de-Bouc','','13110')
INSERT INTO Ville (CodeInsee, Nom, Arrondissement, CodePostal) VALUES('13081','Rognac','','13340')
INSERT INTO Ville (CodeInsee, Nom, Arrondissement, CodePostal) VALUES('13097','Saint-Martin-de-Crau','','13310')
INSERT INTO Ville (CodeInsee, Nom, Arrondissement, CodePostal) VALUES('13103','Salon-de-Provence','','13300')
INSERT INTO Ville (CodeInsee, Nom, Arrondissement, CodePostal) VALUES('13108','Tarascon','','13150')
INSERT INTO Ville (CodeInsee, Nom, Arrondissement, CodePostal) VALUES('13117','Vitrolles','','13127')
INSERT INTO Ville (CodeInsee, Nom, Arrondissement, CodePostal) VALUES('13201','Marseille','1er','13001')
INSERT INTO Ville (CodeInsee, Nom, Arrondissement, CodePostal) VALUES('13202','Marseille','2ème','13002')
INSERT INTO Ville (CodeInsee, Nom, Arrondissement, CodePostal) VALUES('13203','Marseille','3ème','13003')
INSERT INTO Ville (CodeInsee, Nom, Arrondissement, CodePostal) VALUES('13204','Marseille','4ème','13004')
INSERT INTO Ville (CodeInsee, Nom, Arrondissement, CodePostal) VALUES('13205','Marseille','5ème','13005')
INSERT INTO Ville (CodeInsee, Nom, Arrondissement, CodePostal) VALUES('13206','Marseille','6ème','13006')
INSERT INTO Ville (CodeInsee, Nom, Arrondissement, CodePostal) VALUES('13207','Marseille','7ème','13007')
INSERT INTO Ville (CodeInsee, Nom, Arrondissement, CodePostal) VALUES('13208','Marseille','8ème','13008')
INSERT INTO Ville (CodeInsee, Nom, Arrondissement, CodePostal) VALUES('13209','Marseille','9ème','13009')
INSERT INTO Ville (CodeInsee, Nom, Arrondissement, CodePostal) VALUES('13210','Marseille','10ème','13010')
INSERT INTO Ville (CodeInsee, Nom, Arrondissement, CodePostal) VALUES('13211','Marseille','11ème','13011')
INSERT INTO Ville (CodeInsee, Nom, Arrondissement, CodePostal) VALUES('13212','Marseille','12ème','13012')
INSERT INTO Ville (CodeInsee, Nom, Arrondissement, CodePostal) VALUES('13213','Marseille','13ème','13013')
INSERT INTO Ville (CodeInsee, Nom, Arrondissement, CodePostal) VALUES('13214','Marseille','14ème','13014')
INSERT INTO Ville (CodeInsee, Nom, Arrondissement, CodePostal) VALUES('13215','Marseille','15ème','13015')
INSERT INTO Ville (CodeInsee, Nom, Arrondissement, CodePostal) VALUES('13216','Marseille','16ème','13016')
INSERT INTO Ville (CodeInsee, Nom, Arrondissement, CodePostal) VALUES('14047','Bayeux','','14400')
INSERT INTO Ville (CodeInsee, Nom, Arrondissement, CodePostal) VALUES('14118','Caen','','14000')
INSERT INTO Ville (CodeInsee, Nom, Arrondissement, CodePostal) VALUES('14327','Hérouville-Saint-Clair','','14200')
INSERT INTO Ville (CodeInsee, Nom, Arrondissement, CodePostal) VALUES('14366','Lisieux','','14100')
INSERT INTO Ville (CodeInsee, Nom, Arrondissement, CodePostal) VALUES('14762','Vire','','14500')
INSERT INTO Ville (CodeInsee, Nom, Arrondissement, CodePostal) VALUES('15014','Aurillac','','15000')
INSERT INTO Ville (CodeInsee, Nom, Arrondissement, CodePostal) VALUES('16015','Angoulême','','16000')
INSERT INTO Ville (CodeInsee, Nom, Arrondissement, CodePostal) VALUES('16102','Cognac','','16100')
INSERT INTO Ville (CodeInsee, Nom, Arrondissement, CodePostal) VALUES('17299','Rochefort','','17300')
INSERT INTO Ville (CodeInsee, Nom, Arrondissement, CodePostal) VALUES('17300','La Rochelle','','17000')
INSERT INTO Ville (CodeInsee, Nom, Arrondissement, CodePostal) VALUES('17306','Royan','','17200')
INSERT INTO Ville (CodeInsee, Nom, Arrondissement, CodePostal) VALUES('17415','Saintes','','17100')
INSERT INTO Ville (CodeInsee, Nom, Arrondissement, CodePostal) VALUES('18033','Bourges','','18000')
INSERT INTO Ville (CodeInsee, Nom, Arrondissement, CodePostal) VALUES('18197','Saint-Amand-Montrond','','18200')
INSERT INTO Ville (CodeInsee, Nom, Arrondissement, CodePostal) VALUES('18279','Vierzon','','18100')
INSERT INTO Ville (CodeInsee, Nom, Arrondissement, CodePostal) VALUES('19031','Brive-la-Gaillarde','','19100')
INSERT INTO Ville (CodeInsee, Nom, Arrondissement, CodePostal) VALUES('19272','Tulle','','19000')
INSERT INTO Ville (CodeInsee, Nom, Arrondissement, CodePostal) VALUES('21054','Beaune','','21200')
INSERT INTO Ville (CodeInsee, Nom, Arrondissement, CodePostal) VALUES('21166','Chenôve','','21300')
INSERT INTO Ville (CodeInsee, Nom, Arrondissement, CodePostal) VALUES('21231','Dijon','','21000')
INSERT INTO Ville (CodeInsee, Nom, Arrondissement, CodePostal) VALUES('21617','Talant','','21240')
INSERT INTO Ville (CodeInsee, Nom, Arrondissement, CodePostal) VALUES('22050','Dinan','','22100')
INSERT INTO Ville (CodeInsee, Nom, Arrondissement, CodePostal) VALUES('22093','Lamballe','','22400')
INSERT INTO Ville (CodeInsee, Nom, Arrondissement, CodePostal) VALUES('22113','Lannion','','22300')
INSERT INTO Ville (CodeInsee, Nom, Arrondissement, CodePostal) VALUES('22187','Plérin','','22190')
INSERT INTO Ville (CodeInsee, Nom, Arrondissement, CodePostal) VALUES('22215','Ploufragan','','22440')
INSERT INTO Ville (CodeInsee, Nom, Arrondissement, CodePostal) VALUES('22278','Saint-Brieuc','','22000')
INSERT INTO Ville (CodeInsee, Nom, Arrondissement, CodePostal) VALUES('23096','Guéret','','23000')
INSERT INTO Ville (CodeInsee, Nom, Arrondissement, CodePostal) VALUES('24037','Bergerac','','24100')
INSERT INTO Ville (CodeInsee, Nom, Arrondissement, CodePostal) VALUES('24322','Périgueux','','24000')
INSERT INTO Ville (CodeInsee, Nom, Arrondissement, CodePostal) VALUES('25031','Audincourt','','25400')
INSERT INTO Ville (CodeInsee, Nom, Arrondissement, CodePostal) VALUES('25056','Besançon','','25000')
INSERT INTO Ville (CodeInsee, Nom, Arrondissement, CodePostal) VALUES('25388','Montbéliard','','25200')
INSERT INTO Ville (CodeInsee, Nom, Arrondissement, CodePostal) VALUES('25462','Pontarlier','','25300')
INSERT INTO Ville (CodeInsee, Nom, Arrondissement, CodePostal) VALUES('25580','Valentigney','','25700')
INSERT INTO Ville (CodeInsee, Nom, Arrondissement, CodePostal) VALUES('26058','Bourg-lès-Valence','','26500')
INSERT INTO Ville (CodeInsee, Nom, Arrondissement, CodePostal) VALUES('26198','Montélimar','','26200')
INSERT INTO Ville (CodeInsee, Nom, Arrondissement, CodePostal) VALUES('26235','Pierrelatte','','26700')
INSERT INTO Ville (CodeInsee, Nom, Arrondissement, CodePostal) VALUES('26281','Romans-sur-Isère','','26100')
INSERT INTO Ville (CodeInsee, Nom, Arrondissement, CodePostal) VALUES('26362','Valence','','26000')
INSERT INTO Ville (CodeInsee, Nom, Arrondissement, CodePostal) VALUES('27229','Évreux','','27000')
INSERT INTO Ville (CodeInsee, Nom, Arrondissement, CodePostal) VALUES('27284','Gisors','','27140')
INSERT INTO Ville (CodeInsee, Nom, Arrondissement, CodePostal) VALUES('27375','Louviers','','27400')
INSERT INTO Ville (CodeInsee, Nom, Arrondissement, CodePostal) VALUES('27681','Vernon','','27200')
INSERT INTO Ville (CodeInsee, Nom, Arrondissement, CodePostal) VALUES('27701','Val-de-Reuil','','27100')
INSERT INTO Ville (CodeInsee, Nom, Arrondissement, CodePostal) VALUES('28085','Chartres','','28000')
INSERT INTO Ville (CodeInsee, Nom, Arrondissement, CodePostal) VALUES('28088','Châteaudun','','28200')
INSERT INTO Ville (CodeInsee, Nom, Arrondissement, CodePostal) VALUES('28134','Dreux','','28100')
INSERT INTO Ville (CodeInsee, Nom, Arrondissement, CodePostal) VALUES('28218','Lucé','','28110')
INSERT INTO Ville (CodeInsee, Nom, Arrondissement, CodePostal) VALUES('28280','Nogent-le-Rotrou','','28400')
INSERT INTO Ville (CodeInsee, Nom, Arrondissement, CodePostal) VALUES('28404','Vernouillet','','28500')
INSERT INTO Ville (CodeInsee, Nom, Arrondissement, CodePostal) VALUES('29019','Brest','','29200')
INSERT INTO Ville (CodeInsee, Nom, Arrondissement, CodePostal) VALUES('29039','Concarneau','','29900')
INSERT INTO Ville (CodeInsee, Nom, Arrondissement, CodePostal) VALUES('29046','Douarnenez','','29100')
INSERT INTO Ville (CodeInsee, Nom, Arrondissement, CodePostal) VALUES('29075','Guipavas','','29490')
INSERT INTO Ville (CodeInsee, Nom, Arrondissement, CodePostal) VALUES('29103','Landerneau','','29800')
INSERT INTO Ville (CodeInsee, Nom, Arrondissement, CodePostal) VALUES('29151','Morlaix','','29600')
INSERT INTO Ville (CodeInsee, Nom, Arrondissement, CodePostal) VALUES('29189','Plougastel-Daoulas','','29470')
INSERT INTO Ville (CodeInsee, Nom, Arrondissement, CodePostal) VALUES('29212','Plouzané','','29280')
INSERT INTO Ville (CodeInsee, Nom, Arrondissement, CodePostal) VALUES('29232','Quimper','','29000')
INSERT INTO Ville (CodeInsee, Nom, Arrondissement, CodePostal) VALUES('29233','Quimperlé','','29300')
INSERT INTO Ville (CodeInsee, Nom, Arrondissement, CodePostal) VALUES('30007','Alès','','30100')
INSERT INTO Ville (CodeInsee, Nom, Arrondissement, CodePostal) VALUES('30028','Bagnols-sur-Cèze','','30200')
INSERT INTO Ville (CodeInsee, Nom, Arrondissement, CodePostal) VALUES('30032','Beaucaire','','30300')
INSERT INTO Ville (CodeInsee, Nom, Arrondissement, CodePostal) VALUES('30189','Nîmes','','30000')
INSERT INTO Ville (CodeInsee, Nom, Arrondissement, CodePostal) VALUES('30258','Saint-Gilles','','30800')
INSERT INTO Ville (CodeInsee, Nom, Arrondissement, CodePostal) VALUES('30341','Vauvert','','30600')
INSERT INTO Ville (CodeInsee, Nom, Arrondissement, CodePostal) VALUES('30351','Villeneuve-lès-Avignon','','30400')
INSERT INTO Ville (CodeInsee, Nom, Arrondissement, CodePostal) VALUES('31044','Balma','','31130')
INSERT INTO Ville (CodeInsee, Nom, Arrondissement, CodePostal) VALUES('31069','Blagnac','','31700')
INSERT INTO Ville (CodeInsee, Nom, Arrondissement, CodePostal) VALUES('31149','Colomiers','','31770')
INSERT INTO Ville (CodeInsee, Nom, Arrondissement, CodePostal) VALUES('31157','Cugnaux','','31270')
INSERT INTO Ville (CodeInsee, Nom, Arrondissement, CodePostal) VALUES('31187','Fonsorbes','','31470')
INSERT INTO Ville (CodeInsee, Nom, Arrondissement, CodePostal) VALUES('31395','Muret','','31600')
INSERT INTO Ville (CodeInsee, Nom, Arrondissement, CodePostal) VALUES('31424','Plaisance-du-Touch','','31830')
INSERT INTO Ville (CodeInsee, Nom, Arrondissement, CodePostal) VALUES('31446','Ramonville-Saint-Agne','','31520')
INSERT INTO Ville (CodeInsee, Nom, Arrondissement, CodePostal) VALUES('31483','Saint-Gaudens','','31800')
INSERT INTO Ville (CodeInsee, Nom, Arrondissement, CodePostal) VALUES('31555','Toulouse','','31000')
INSERT INTO Ville (CodeInsee, Nom, Arrondissement, CodePostal) VALUES('31557','Tournefeuille','','31170')
INSERT INTO Ville (CodeInsee, Nom, Arrondissement, CodePostal) VALUES('31561','L''Union','','31240')
INSERT INTO Ville (CodeInsee, Nom, Arrondissement, CodePostal) VALUES('32013','Auch','','32810')
INSERT INTO Ville (CodeInsee, Nom, Arrondissement, CodePostal) VALUES('33003','Ambarès-et-Lagrave','','33440')
INSERT INTO Ville (CodeInsee, Nom, Arrondissement, CodePostal) VALUES('33009','Arcachon','','33120')
INSERT INTO Ville (CodeInsee, Nom, Arrondissement, CodePostal) VALUES('33039','Bègles','','33130')
INSERT INTO Ville (CodeInsee, Nom, Arrondissement, CodePostal) VALUES('33056','Blanquefort','','33290')
INSERT INTO Ville (CodeInsee, Nom, Arrondissement, CodePostal) VALUES('33063','Bordeaux','','33000')
INSERT INTO Ville (CodeInsee, Nom, Arrondissement, CodePostal) VALUES('33069','Le Bouscat','','33110')
INSERT INTO Ville (CodeInsee, Nom, Arrondissement, CodePostal) VALUES('33075','Bruges','','33520')
INSERT INTO Ville (CodeInsee, Nom, Arrondissement, CodePostal) VALUES('33119','Cenon','','33150')
INSERT INTO Ville (CodeInsee, Nom, Arrondissement, CodePostal) VALUES('33122','Cestas','','33610')
INSERT INTO Ville (CodeInsee, Nom, Arrondissement, CodePostal) VALUES('33162','Eysines','','33320')
INSERT INTO Ville (CodeInsee, Nom, Arrondissement, CodePostal) VALUES('33167','Floirac','','33270')
INSERT INTO Ville (CodeInsee, Nom, Arrondissement, CodePostal) VALUES('33192','Gradignan','','33170')
INSERT INTO Ville (CodeInsee, Nom, Arrondissement, CodePostal) VALUES('33199','Gujan-Mestras','','33470')
INSERT INTO Ville (CodeInsee, Nom, Arrondissement, CodePostal) VALUES('33243','Libourne','','33500')
INSERT INTO Ville (CodeInsee, Nom, Arrondissement, CodePostal) VALUES('33249','Lormont','','33310')
INSERT INTO Ville (CodeInsee, Nom, Arrondissement, CodePostal) VALUES('33281','Mérignac','','33700')
INSERT INTO Ville (CodeInsee, Nom, Arrondissement, CodePostal) VALUES('33318','Pessac','','33600')
INSERT INTO Ville (CodeInsee, Nom, Arrondissement, CodePostal) VALUES('33449','Saint-Médard-en-Jalles','','33160')
INSERT INTO Ville (CodeInsee, Nom, Arrondissement, CodePostal) VALUES('33522','Talence','','33400')
INSERT INTO Ville (CodeInsee, Nom, Arrondissement, CodePostal) VALUES('33529','La Teste-de-Buch','','33260')
INSERT INTO Ville (CodeInsee, Nom, Arrondissement, CodePostal) VALUES('33550','Villenave-d''Ornon','','33140')
INSERT INTO Ville (CodeInsee, Nom, Arrondissement, CodePostal) VALUES('34003','Agde','','34300')
INSERT INTO Ville (CodeInsee, Nom, Arrondissement, CodePostal) VALUES('34032','Béziers','','34500')
INSERT INTO Ville (CodeInsee, Nom, Arrondissement, CodePostal) VALUES('34057','Castelnau-le-Lez','','34170')
INSERT INTO Ville (CodeInsee, Nom, Arrondissement, CodePostal) VALUES('34108','Frontignan','','34110')
INSERT INTO Ville (CodeInsee, Nom, Arrondissement, CodePostal) VALUES('34129','Lattes','','34970')
INSERT INTO Ville (CodeInsee, Nom, Arrondissement, CodePostal) VALUES('34145','Lunel','','34400')
INSERT INTO Ville (CodeInsee, Nom, Arrondissement, CodePostal) VALUES('34154','Mauguio','','34130')
INSERT INTO Ville (CodeInsee, Nom, Arrondissement, CodePostal) VALUES('34172','Montpellier','','34000')
INSERT INTO Ville (CodeInsee, Nom, Arrondissement, CodePostal) VALUES('34301','Sète','','34200')
INSERT INTO Ville (CodeInsee, Nom, Arrondissement, CodePostal) VALUES('35047','Bruz','','35170')
INSERT INTO Ville (CodeInsee, Nom, Arrondissement, CodePostal) VALUES('35051','Cesson-Sévigné','','35510')
INSERT INTO Ville (CodeInsee, Nom, Arrondissement, CodePostal) VALUES('35093','Dinard','','35800')
INSERT INTO Ville (CodeInsee, Nom, Arrondissement, CodePostal) VALUES('35115','Fougères','','35300')
INSERT INTO Ville (CodeInsee, Nom, Arrondissement, CodePostal) VALUES('35238','Rennes','','35000')
INSERT INTO Ville (CodeInsee, Nom, Arrondissement, CodePostal) VALUES('35288','Saint-Malo','','35400')
INSERT INTO Ville (CodeInsee, Nom, Arrondissement, CodePostal) VALUES('35360','Vitré','','35500')
INSERT INTO Ville (CodeInsee, Nom, Arrondissement, CodePostal) VALUES('36044','Châteauroux','','36000')
INSERT INTO Ville (CodeInsee, Nom, Arrondissement, CodePostal) VALUES('36088','Issoudun','','36100')
INSERT INTO Ville (CodeInsee, Nom, Arrondissement, CodePostal) VALUES('37003','Amboise','','37530')
INSERT INTO Ville (CodeInsee, Nom, Arrondissement, CodePostal) VALUES('37050','Chambray-lès-Tours','','37170')
INSERT INTO Ville (CodeInsee, Nom, Arrondissement, CodePostal) VALUES('37122','Joué-lès-Tours','','37300')
INSERT INTO Ville (CodeInsee, Nom, Arrondissement, CodePostal) VALUES('37208','Saint-Avertin','','37550')
INSERT INTO Ville (CodeInsee, Nom, Arrondissement, CodePostal) VALUES('37214','Saint-Cyr-sur-Loire','','37540')
INSERT INTO Ville (CodeInsee, Nom, Arrondissement, CodePostal) VALUES('37233','Saint-Pierre-des-Corps','','37700')
INSERT INTO Ville (CodeInsee, Nom, Arrondissement, CodePostal) VALUES('37261','Tours','','37000')
INSERT INTO Ville (CodeInsee, Nom, Arrondissement, CodePostal) VALUES('38053','Bourgoin-Jallieu','','38300')
INSERT INTO Ville (CodeInsee, Nom, Arrondissement, CodePostal) VALUES('38151','Échirolles','','38130')
INSERT INTO Ville (CodeInsee, Nom, Arrondissement, CodePostal) VALUES('38169','Fontaine','','38600')
INSERT INTO Ville (CodeInsee, Nom, Arrondissement, CodePostal) VALUES('38185','Grenoble','','38000')
INSERT INTO Ville (CodeInsee, Nom, Arrondissement, CodePostal) VALUES('38193','L''Isle-d''Abeau','','38080')
INSERT INTO Ville (CodeInsee, Nom, Arrondissement, CodePostal) VALUES('38229','Meylan','','38240')
INSERT INTO Ville (CodeInsee, Nom, Arrondissement, CodePostal) VALUES('38317','Le Pont-de-Claix','','38800')
INSERT INTO Ville (CodeInsee, Nom, Arrondissement, CodePostal) VALUES('38382','Saint-Égrève','','38120')
INSERT INTO Ville (CodeInsee, Nom, Arrondissement, CodePostal) VALUES('38421','Saint-Martin-d''Hères','','38400')
INSERT INTO Ville (CodeInsee, Nom, Arrondissement, CodePostal) VALUES('38485','Seyssinet-Pariset','','38170')
INSERT INTO Ville (CodeInsee, Nom, Arrondissement, CodePostal) VALUES('38544','Vienne','','38200')
INSERT INTO Ville (CodeInsee, Nom, Arrondissement, CodePostal) VALUES('38553','Villefontaine','','38090')
INSERT INTO Ville (CodeInsee, Nom, Arrondissement, CodePostal) VALUES('38563','Voiron','','38500')
INSERT INTO Ville (CodeInsee, Nom, Arrondissement, CodePostal) VALUES('39198','Dole','','39100')
INSERT INTO Ville (CodeInsee, Nom, Arrondissement, CodePostal) VALUES('39300','Lons-le-Saunier','','39570')
INSERT INTO Ville (CodeInsee, Nom, Arrondissement, CodePostal) VALUES('39478','Saint-Claude','','39200')
INSERT INTO Ville (CodeInsee, Nom, Arrondissement, CodePostal) VALUES('40046','Biscarrosse','','40600')
INSERT INTO Ville (CodeInsee, Nom, Arrondissement, CodePostal) VALUES('40088','Dax','','40100')
INSERT INTO Ville (CodeInsee, Nom, Arrondissement, CodePostal) VALUES('40192','Mont-de-Marsan','','40000')
INSERT INTO Ville (CodeInsee, Nom, Arrondissement, CodePostal) VALUES('40279','Saint-Paul-lès-Dax','','40990')
INSERT INTO Ville (CodeInsee, Nom, Arrondissement, CodePostal) VALUES('40312','Tarnos','','40220')
INSERT INTO Ville (CodeInsee, Nom, Arrondissement, CodePostal) VALUES('41018','Blois','','41000')
INSERT INTO Ville (CodeInsee, Nom, Arrondissement, CodePostal) VALUES('41194','Romorantin-Lanthenay','','41200')
INSERT INTO Ville (CodeInsee, Nom, Arrondissement, CodePostal) VALUES('41269','Vendôme','','41100')
INSERT INTO Ville (CodeInsee, Nom, Arrondissement, CodePostal) VALUES('42044','Le Chambon-Feugerolles','','42500')
INSERT INTO Ville (CodeInsee, Nom, Arrondissement, CodePostal) VALUES('42095','Firminy','','42700')
INSERT INTO Ville (CodeInsee, Nom, Arrondissement, CodePostal) VALUES('42147','Montbrison','','42600')
INSERT INTO Ville (CodeInsee, Nom, Arrondissement, CodePostal) VALUES('42186','Rive-de-Gier','','42800')
INSERT INTO Ville (CodeInsee, Nom, Arrondissement, CodePostal) VALUES('42187','Roanne','','42300')
INSERT INTO Ville (CodeInsee, Nom, Arrondissement, CodePostal) VALUES('42207','Saint-Chamond','','42400')
INSERT INTO Ville (CodeInsee, Nom, Arrondissement, CodePostal) VALUES('42218','Saint-Étienne','','42000')
INSERT INTO Ville (CodeInsee, Nom, Arrondissement, CodePostal) VALUES('42279','Saint-Just-Saint-Rambert','','42170')
INSERT INTO Ville (CodeInsee, Nom, Arrondissement, CodePostal) VALUES('43157','Le Puy-en-Velay','','43000')
INSERT INTO Ville (CodeInsee, Nom, Arrondissement, CodePostal) VALUES('44020','Bouguenais','','44340')
INSERT INTO Ville (CodeInsee, Nom, Arrondissement, CodePostal) VALUES('44026','Carquefou','','44470')
INSERT INTO Ville (CodeInsee, Nom, Arrondissement, CodePostal) VALUES('44035','La Chapelle-sur-Erdre','','44240')
INSERT INTO Ville (CodeInsee, Nom, Arrondissement, CodePostal) VALUES('44036','Châteaubriant','','44110')
INSERT INTO Ville (CodeInsee, Nom, Arrondissement, CodePostal) VALUES('44047','Couëron','','44220')
INSERT INTO Ville (CodeInsee, Nom, Arrondissement, CodePostal) VALUES('44055','La Baule-Escoublac','','44500')
INSERT INTO Ville (CodeInsee, Nom, Arrondissement, CodePostal) VALUES('44069','Guérande','','44350')
INSERT INTO Ville (CodeInsee, Nom, Arrondissement, CodePostal) VALUES('44109','Nantes','','44000')
INSERT INTO Ville (CodeInsee, Nom, Arrondissement, CodePostal) VALUES('44114','Orvault','','44700')
INSERT INTO Ville (CodeInsee, Nom, Arrondissement, CodePostal) VALUES('44131','Pornic','','44210')
INSERT INTO Ville (CodeInsee, Nom, Arrondissement, CodePostal) VALUES('44143','Rezé','','44400')
INSERT INTO Ville (CodeInsee, Nom, Arrondissement, CodePostal) VALUES('44154','Saint-Brevin-les-Pins','','44250')
INSERT INTO Ville (CodeInsee, Nom, Arrondissement, CodePostal) VALUES('44162','Saint-Herblain','','44800')
INSERT INTO Ville (CodeInsee, Nom, Arrondissement, CodePostal) VALUES('44172','Sainte-Luce-sur-Loire','','44980')
INSERT INTO Ville (CodeInsee, Nom, Arrondissement, CodePostal) VALUES('44184','Saint-Nazaire','','44600')
INSERT INTO Ville (CodeInsee, Nom, Arrondissement, CodePostal) VALUES('44190','Saint-Sébastien-sur-Loire','','44230')
INSERT INTO Ville (CodeInsee, Nom, Arrondissement, CodePostal) VALUES('44215','Vertou','','44120')
INSERT INTO Ville (CodeInsee, Nom, Arrondissement, CodePostal) VALUES('45004','Amilly','','45200')
INSERT INTO Ville (CodeInsee, Nom, Arrondissement, CodePostal) VALUES('45068','Châlette-sur-Loing','','45120')
INSERT INTO Ville (CodeInsee, Nom, Arrondissement, CodePostal) VALUES('45147','Fleury-les-Aubrais','','45400')
INSERT INTO Ville (CodeInsee, Nom, Arrondissement, CodePostal) VALUES('45155','Gien','','45500')
INSERT INTO Ville (CodeInsee, Nom, Arrondissement, CodePostal) VALUES('45208','Montargis','','45200')
INSERT INTO Ville (CodeInsee, Nom, Arrondissement, CodePostal) VALUES('45232','Olivet','','45160')
INSERT INTO Ville (CodeInsee, Nom, Arrondissement, CodePostal) VALUES('45234','Orléans','','45000')
INSERT INTO Ville (CodeInsee, Nom, Arrondissement, CodePostal) VALUES('45284','Saint-Jean-de-Braye','','45800')
INSERT INTO Ville (CodeInsee, Nom, Arrondissement, CodePostal) VALUES('45285','Saint-Jean-de-la-Ruelle','','45140')
INSERT INTO Ville (CodeInsee, Nom, Arrondissement, CodePostal) VALUES('45302','Saran','','45770')
INSERT INTO Ville (CodeInsee, Nom, Arrondissement, CodePostal) VALUES('46042','Cahors','','46000')
INSERT INTO Ville (CodeInsee, Nom, Arrondissement, CodePostal) VALUES('47001','Agen','','47000')
INSERT INTO Ville (CodeInsee, Nom, Arrondissement, CodePostal) VALUES('47157','Marmande','','47200')
INSERT INTO Ville (CodeInsee, Nom, Arrondissement, CodePostal) VALUES('47323','Villeneuve-sur-Lot','','47300')
INSERT INTO Ville (CodeInsee, Nom, Arrondissement, CodePostal) VALUES('48095','Mende','','48000')
INSERT INTO Ville (CodeInsee, Nom, Arrondissement, CodePostal) VALUES('49007','Angers','','49000')
INSERT INTO Ville (CodeInsee, Nom, Arrondissement, CodePostal) VALUES('49015','Avrillé','','49240')
INSERT INTO Ville (CodeInsee, Nom, Arrondissement, CodePostal) VALUES('49099','Cholet','','49280')
INSERT INTO Ville (CodeInsee, Nom, Arrondissement, CodePostal) VALUES('49246','Ponts-de-Cé','','49130')
INSERT INTO Ville (CodeInsee, Nom, Arrondissement, CodePostal) VALUES('49328','Saumur','','49400')
INSERT INTO Ville (CodeInsee, Nom, Arrondissement, CodePostal) VALUES('49353','Trélazé','','49800')
INSERT INTO Ville (CodeInsee, Nom, Arrondissement, CodePostal) VALUES('50129','Cherbourg-Octeville','','50100')
INSERT INTO Ville (CodeInsee, Nom, Arrondissement, CodePostal) VALUES('50173','Équeurdreville-Hainneville','','50120')
INSERT INTO Ville (CodeInsee, Nom, Arrondissement, CodePostal) VALUES('50218','Granville','','50400')
INSERT INTO Ville (CodeInsee, Nom, Arrondissement, CodePostal) VALUES('50502','Saint-Lô','','50000')
INSERT INTO Ville (CodeInsee, Nom, Arrondissement, CodePostal) VALUES('50602','Tourlaville','','50110')
INSERT INTO Ville (CodeInsee, Nom, Arrondissement, CodePostal) VALUES('51108','Châlons-en-Champagne','','51000')
INSERT INTO Ville (CodeInsee, Nom, Arrondissement, CodePostal) VALUES('51230','Épernay','','51200')
INSERT INTO Ville (CodeInsee, Nom, Arrondissement, CodePostal) VALUES('51454','Reims','','51100')
INSERT INTO Ville (CodeInsee, Nom, Arrondissement, CodePostal) VALUES('51649','Vitry-le-François','','51300')
INSERT INTO Ville (CodeInsee, Nom, Arrondissement, CodePostal) VALUES('52121','Chaumont','','52000')
INSERT INTO Ville (CodeInsee, Nom, Arrondissement, CodePostal) VALUES('52448','Saint-Dizier','','52100')
INSERT INTO Ville (CodeInsee, Nom, Arrondissement, CodePostal) VALUES('53062','Château-Gontier','','53200')
INSERT INTO Ville (CodeInsee, Nom, Arrondissement, CodePostal) VALUES('53130','Laval','','53000')
INSERT INTO Ville (CodeInsee, Nom, Arrondissement, CodePostal) VALUES('53147','Mayenne','','53100')
INSERT INTO Ville (CodeInsee, Nom, Arrondissement, CodePostal) VALUES('54304','Laxou','','54520')
INSERT INTO Ville (CodeInsee, Nom, Arrondissement, CodePostal) VALUES('54323','Longwy','','54400')
INSERT INTO Ville (CodeInsee, Nom, Arrondissement, CodePostal) VALUES('54329','Lunéville','','54300')
INSERT INTO Ville (CodeInsee, Nom, Arrondissement, CodePostal) VALUES('54395','Nancy','','54100')
INSERT INTO Ville (CodeInsee, Nom, Arrondissement, CodePostal) VALUES('54431','Pont-à-Mousson','','54700')
INSERT INTO Ville (CodeInsee, Nom, Arrondissement, CodePostal) VALUES('54528','Toul','','54200')
INSERT INTO Ville (CodeInsee, Nom, Arrondissement, CodePostal) VALUES('54547','Vandœœuvre-lès-Nancy','','54500')
INSERT INTO Ville (CodeInsee, Nom, Arrondissement, CodePostal) VALUES('54578','Villers-lès-Nancy','','54600')
INSERT INTO Ville (CodeInsee, Nom, Arrondissement, CodePostal) VALUES('55029','Bar-le-Duc','','55000')
INSERT INTO Ville (CodeInsee, Nom, Arrondissement, CodePostal) VALUES('55545','Verdun','','55100')
INSERT INTO Ville (CodeInsee, Nom, Arrondissement, CodePostal) VALUES('56007','Auray','','56400')
INSERT INTO Ville (CodeInsee, Nom, Arrondissement, CodePostal) VALUES('56083','Hennebont','','56700')
INSERT INTO Ville (CodeInsee, Nom, Arrondissement, CodePostal) VALUES('56098','Lanester','','56600')
INSERT INTO Ville (CodeInsee, Nom, Arrondissement, CodePostal) VALUES('56121','Lorient','','56100')
INSERT INTO Ville (CodeInsee, Nom, Arrondissement, CodePostal) VALUES('56162','Ploemeur','','56270')
INSERT INTO Ville (CodeInsee, Nom, Arrondissement, CodePostal) VALUES('56178','Pontivy','','56300')
INSERT INTO Ville (CodeInsee, Nom, Arrondissement, CodePostal) VALUES('56260','Vannes','','56000')
INSERT INTO Ville (CodeInsee, Nom, Arrondissement, CodePostal) VALUES('57160','Creutzwald','','57150')
INSERT INTO Ville (CodeInsee, Nom, Arrondissement, CodePostal) VALUES('57206','Fameck','','57290')
INSERT INTO Ville (CodeInsee, Nom, Arrondissement, CodePostal) VALUES('57227','Forbach','','57600')
INSERT INTO Ville (CodeInsee, Nom, Arrondissement, CodePostal) VALUES('57240','Freyming-Merlebach','','57800')
INSERT INTO Ville (CodeInsee, Nom, Arrondissement, CodePostal) VALUES('57306','Hayange','','57700')
INSERT INTO Ville (CodeInsee, Nom, Arrondissement, CodePostal) VALUES('57463','Metz','','57000')
INSERT INTO Ville (CodeInsee, Nom, Arrondissement, CodePostal) VALUES('57480','Montigny-lès-Metz','','57158')
INSERT INTO Ville (CodeInsee, Nom, Arrondissement, CodePostal) VALUES('57606','Saint-Avold','','57500')
INSERT INTO Ville (CodeInsee, Nom, Arrondissement, CodePostal) VALUES('57630','Sarrebourg','','57400')
INSERT INTO Ville (CodeInsee, Nom, Arrondissement, CodePostal) VALUES('57631','Sarreguemines','','57200')
INSERT INTO Ville (CodeInsee, Nom, Arrondissement, CodePostal) VALUES('57660','Stiring-Wendel','','57350')
INSERT INTO Ville (CodeInsee, Nom, Arrondissement, CodePostal) VALUES('57672','Thionville','','57100')
INSERT INTO Ville (CodeInsee, Nom, Arrondissement, CodePostal) VALUES('57751','Woippy','','57140')
INSERT INTO Ville (CodeInsee, Nom, Arrondissement, CodePostal) VALUES('57757','Yutz','','57970')
INSERT INTO Ville (CodeInsee, Nom, Arrondissement, CodePostal) VALUES('58086','Cosne-Cours-sur-Loire','','58200')
INSERT INTO Ville (CodeInsee, Nom, Arrondissement, CodePostal) VALUES('58194','Nevers','','58000')
INSERT INTO Ville (CodeInsee, Nom, Arrondissement, CodePostal) VALUES('59009','Villeneuve-d''Ascq','','59491')
INSERT INTO Ville (CodeInsee, Nom, Arrondissement, CodePostal) VALUES('59014','Anzin','','59410')
INSERT INTO Ville (CodeInsee, Nom, Arrondissement, CodePostal) VALUES('59017','Armentières','','59280')
INSERT INTO Ville (CodeInsee, Nom, Arrondissement, CodePostal) VALUES('59043','Bailleul','','59270')
INSERT INTO Ville (CodeInsee, Nom, Arrondissement, CodePostal) VALUES('59112','Bruay-sur-l''Escaut','','59860')
INSERT INTO Ville (CodeInsee, Nom, Arrondissement, CodePostal) VALUES('59122','Cambrai','','59400')
INSERT INTO Ville (CodeInsee, Nom, Arrondissement, CodePostal) VALUES('59139','Caudry','','59540')
INSERT INTO Ville (CodeInsee, Nom, Arrondissement, CodePostal) VALUES('59152','Comines','','59560')
INSERT INTO Ville (CodeInsee, Nom, Arrondissement, CodePostal) VALUES('59155','Coudekerque-Branche','','59210')
INSERT INTO Ville (CodeInsee, Nom, Arrondissement, CodePostal) VALUES('59163','Croix','','59170')
INSERT INTO Ville (CodeInsee, Nom, Arrondissement, CodePostal) VALUES('59172','Denain','','59220')
INSERT INTO Ville (CodeInsee, Nom, Arrondissement, CodePostal) VALUES('59178','Douai','','59500')
INSERT INTO Ville (CodeInsee, Nom, Arrondissement, CodePostal) VALUES('59183','Dunkerque','','59140')
INSERT INTO Ville (CodeInsee, Nom, Arrondissement, CodePostal) VALUES('59220','Faches-Thumesnil','','59155')
INSERT INTO Ville (CodeInsee, Nom, Arrondissement, CodePostal) VALUES('59249','Fourmies','','59610')
INSERT INTO Ville (CodeInsee, Nom, Arrondissement, CodePostal) VALUES('59271','Grande-Synthe','','59760')
INSERT INTO Ville (CodeInsee, Nom, Arrondissement, CodePostal) VALUES('59273','Gravelines','','59820')
INSERT INTO Ville (CodeInsee, Nom, Arrondissement, CodePostal) VALUES('59279','Halluin','','59250')
INSERT INTO Ville (CodeInsee, Nom, Arrondissement, CodePostal) VALUES('59286','Haubourdin','','59320')
INSERT INTO Ville (CodeInsee, Nom, Arrondissement, CodePostal) VALUES('59291','Hautmont','','59330')
INSERT INTO Ville (CodeInsee, Nom, Arrondissement, CodePostal) VALUES('59295','Hazebrouck','','59190')
INSERT INTO Ville (CodeInsee, Nom, Arrondissement, CodePostal) VALUES('59299','Hem','','59510')
INSERT INTO Ville (CodeInsee, Nom, Arrondissement, CodePostal) VALUES('59328','Lambersart','','59130')
INSERT INTO Ville (CodeInsee, Nom, Arrondissement, CodePostal) VALUES('59350','Lille','','59000')
INSERT INTO Ville (CodeInsee, Nom, Arrondissement, CodePostal) VALUES('59360','Loos','','59120')
INSERT INTO Ville (CodeInsee, Nom, Arrondissement, CodePostal) VALUES('59367','Lys-lez-Lannoy','','59390')
INSERT INTO Ville (CodeInsee, Nom, Arrondissement, CodePostal) VALUES('59368','La Madeleine','','59110')
INSERT INTO Ville (CodeInsee, Nom, Arrondissement, CodePostal) VALUES('59378','Marcq-en-Barœœul','','59700')
INSERT INTO Ville (CodeInsee, Nom, Arrondissement, CodePostal) VALUES('59383','Marly','','59770')
INSERT INTO Ville (CodeInsee, Nom, Arrondissement, CodePostal) VALUES('59392','Maubeuge','','59600')
INSERT INTO Ville (CodeInsee, Nom, Arrondissement, CodePostal) VALUES('59410','Mons-en-Barœœul','','59370')
INSERT INTO Ville (CodeInsee, Nom, Arrondissement, CodePostal) VALUES('59421','Mouvaux','','59420')
INSERT INTO Ville (CodeInsee, Nom, Arrondissement, CodePostal) VALUES('59491','Raismes','','59590')
INSERT INTO Ville (CodeInsee, Nom, Arrondissement, CodePostal) VALUES('59507','Ronchin','','59790')
INSERT INTO Ville (CodeInsee, Nom, Arrondissement, CodePostal) VALUES('59508','Roncq','','59223')
INSERT INTO Ville (CodeInsee, Nom, Arrondissement, CodePostal) VALUES('59512','Roubaix','','59100')
INSERT INTO Ville (CodeInsee, Nom, Arrondissement, CodePostal) VALUES('59526','Saint-Amand-les-Eaux','','59230')
INSERT INTO Ville (CodeInsee, Nom, Arrondissement, CodePostal) VALUES('59544','Saint-Saulve','','59880')
INSERT INTO Ville (CodeInsee, Nom, Arrondissement, CodePostal) VALUES('59560','Seclin','','59113')
INSERT INTO Ville (CodeInsee, Nom, Arrondissement, CodePostal) VALUES('59569','Sin-le-Noble','','59450')
INSERT INTO Ville (CodeInsee, Nom, Arrondissement, CodePostal) VALUES('59574','Somain','','59490')
INSERT INTO Ville (CodeInsee, Nom, Arrondissement, CodePostal) VALUES('59599','Tourcoing','','59200')
INSERT INTO Ville (CodeInsee, Nom, Arrondissement, CodePostal) VALUES('59606','Valenciennes','','59300')
INSERT INTO Ville (CodeInsee, Nom, Arrondissement, CodePostal) VALUES('59646','Wasquehal','','59290')
INSERT INTO Ville (CodeInsee, Nom, Arrondissement, CodePostal) VALUES('59648','Wattignies','','59139')
INSERT INTO Ville (CodeInsee, Nom, Arrondissement, CodePostal) VALUES('59650','Wattrelos','','59150')
INSERT INTO Ville (CodeInsee, Nom, Arrondissement, CodePostal) VALUES('60057','Beauvais','','60155')
INSERT INTO Ville (CodeInsee, Nom, Arrondissement, CodePostal) VALUES('60141','Chantilly','','60500')
INSERT INTO Ville (CodeInsee, Nom, Arrondissement, CodePostal) VALUES('60159','Compiègne','','60200')
INSERT INTO Ville (CodeInsee, Nom, Arrondissement, CodePostal) VALUES('60175','Creil','','60100')
INSERT INTO Ville (CodeInsee, Nom, Arrondissement, CodePostal) VALUES('60176','Crépy-en-Valois','','60800')
INSERT INTO Ville (CodeInsee, Nom, Arrondissement, CodePostal) VALUES('60395','Méru','','60110')
INSERT INTO Ville (CodeInsee, Nom, Arrondissement, CodePostal) VALUES('60414','Montataire','','60160')
INSERT INTO Ville (CodeInsee, Nom, Arrondissement, CodePostal) VALUES('60463','Nogent-sur-Oise','','60180')
INSERT INTO Ville (CodeInsee, Nom, Arrondissement, CodePostal) VALUES('60471','Noyon','','60400')
INSERT INTO Ville (CodeInsee, Nom, Arrondissement, CodePostal) VALUES('60509','Pont-Sainte-Maxence','','60700')
INSERT INTO Ville (CodeInsee, Nom, Arrondissement, CodePostal) VALUES('60612','Senlis','','60300')
INSERT INTO Ville (CodeInsee, Nom, Arrondissement, CodePostal) VALUES('61001','Alençon','','61000')
INSERT INTO Ville (CodeInsee, Nom, Arrondissement, CodePostal) VALUES('61006','Argentan','','61200')
INSERT INTO Ville (CodeInsee, Nom, Arrondissement, CodePostal) VALUES('61169','Flers','','61100')
INSERT INTO Ville (CodeInsee, Nom, Arrondissement, CodePostal) VALUES('62041','Arras','','62000')
INSERT INTO Ville (CodeInsee, Nom, Arrondissement, CodePostal) VALUES('62048','Auchel','','62260')
INSERT INTO Ville (CodeInsee, Nom, Arrondissement, CodePostal) VALUES('62065','Avion','','62210')
INSERT INTO Ville (CodeInsee, Nom, Arrondissement, CodePostal) VALUES('62108','Berck','','62600')
INSERT INTO Ville (CodeInsee, Nom, Arrondissement, CodePostal) VALUES('62119','Béthune','','62400')
INSERT INTO Ville (CodeInsee, Nom, Arrondissement, CodePostal) VALUES('62160','Boulogne-sur-Mer','','62200')
INSERT INTO Ville (CodeInsee, Nom, Arrondissement, CodePostal) VALUES('62178','Bruay-la-Buissière','','62700')
INSERT INTO Ville (CodeInsee, Nom, Arrondissement, CodePostal) VALUES('62186','Bully-les-Mines','','62160')
INSERT INTO Ville (CodeInsee, Nom, Arrondissement, CodePostal) VALUES('62193','Calais','','62100')
INSERT INTO Ville (CodeInsee, Nom, Arrondissement, CodePostal) VALUES('62215','Carvin','','62220')
INSERT INTO Ville (CodeInsee, Nom, Arrondissement, CodePostal) VALUES('62318','Étaples','','62630')
INSERT INTO Ville (CodeInsee, Nom, Arrondissement, CodePostal) VALUES('62413','Harnes','','62440')
INSERT INTO Ville (CodeInsee, Nom, Arrondissement, CodePostal) VALUES('62427','Hénin-Beaumont','','62110')
INSERT INTO Ville (CodeInsee, Nom, Arrondissement, CodePostal) VALUES('62498','Lens','','62300')
INSERT INTO Ville (CodeInsee, Nom, Arrondissement, CodePostal) VALUES('62510','Liévin','','62800')
INSERT INTO Ville (CodeInsee, Nom, Arrondissement, CodePostal) VALUES('62525','Longuenesse','','62219')
INSERT INTO Ville (CodeInsee, Nom, Arrondissement, CodePostal) VALUES('62570','Méricourt','','62680')
INSERT INTO Ville (CodeInsee, Nom, Arrondissement, CodePostal) VALUES('62617','Nœœux-les-Mines','','62290')
INSERT INTO Ville (CodeInsee, Nom, Arrondissement, CodePostal) VALUES('62643','Outreau','','62230')
INSERT INTO Ville (CodeInsee, Nom, Arrondissement, CodePostal) VALUES('62758','Saint-Martin-Boulogne','','62280')
INSERT INTO Ville (CodeInsee, Nom, Arrondissement, CodePostal) VALUES('62765','Saint-Omer','','62500')
INSERT INTO Ville (CodeInsee, Nom, Arrondissement, CodePostal) VALUES('63032','Beaumont','','63110')
INSERT INTO Ville (CodeInsee, Nom, Arrondissement, CodePostal) VALUES('63075','Chamalières','','63400')
INSERT INTO Ville (CodeInsee, Nom, Arrondissement, CodePostal) VALUES('63113','Clermont-Ferrand','','63000')
INSERT INTO Ville (CodeInsee, Nom, Arrondissement, CodePostal) VALUES('63124','Cournon-d''Auvergne','','63800')
INSERT INTO Ville (CodeInsee, Nom, Arrondissement, CodePostal) VALUES('63178','Issoire','','63500')
INSERT INTO Ville (CodeInsee, Nom, Arrondissement, CodePostal) VALUES('63300','Riom','','63200')
INSERT INTO Ville (CodeInsee, Nom, Arrondissement, CodePostal) VALUES('63430','Thiers','','63300')
INSERT INTO Ville (CodeInsee, Nom, Arrondissement, CodePostal) VALUES('64024','Anglet','','64600')
INSERT INTO Ville (CodeInsee, Nom, Arrondissement, CodePostal) VALUES('64102','Bayonne','','64100')
INSERT INTO Ville (CodeInsee, Nom, Arrondissement, CodePostal) VALUES('64122','Biarritz','','64200')
INSERT INTO Ville (CodeInsee, Nom, Arrondissement, CodePostal) VALUES('64129','Billère','','64140')
INSERT INTO Ville (CodeInsee, Nom, Arrondissement, CodePostal) VALUES('64260','Hendaye','','64700')
INSERT INTO Ville (CodeInsee, Nom, Arrondissement, CodePostal) VALUES('64348','Lons','','64140')
INSERT INTO Ville (CodeInsee, Nom, Arrondissement, CodePostal) VALUES('64422','Oloron-Sainte-Marie','','64400')
INSERT INTO Ville (CodeInsee, Nom, Arrondissement, CodePostal) VALUES('64445','Pau','','64000')
INSERT INTO Ville (CodeInsee, Nom, Arrondissement, CodePostal) VALUES('64483','Saint-Jean-de-Luz','','64500')
INSERT INTO Ville (CodeInsee, Nom, Arrondissement, CodePostal) VALUES('65286','Lourdes','','65100')
INSERT INTO Ville (CodeInsee, Nom, Arrondissement, CodePostal) VALUES('65440','Tarbes','','65000')
INSERT INTO Ville (CodeInsee, Nom, Arrondissement, CodePostal) VALUES('66037','Canet-en-Roussillon','','66140')
INSERT INTO Ville (CodeInsee, Nom, Arrondissement, CodePostal) VALUES('66136','Perpignan','','66000')
INSERT INTO Ville (CodeInsee, Nom, Arrondissement, CodePostal) VALUES('66172','Saint-Estève','','66240')
INSERT INTO Ville (CodeInsee, Nom, Arrondissement, CodePostal) VALUES('67043','Bischheim','','67800')
INSERT INTO Ville (CodeInsee, Nom, Arrondissement, CodePostal) VALUES('67046','Bischwiller','','67240')
INSERT INTO Ville (CodeInsee, Nom, Arrondissement, CodePostal) VALUES('67180','Haguenau','','67500')
INSERT INTO Ville (CodeInsee, Nom, Arrondissement, CodePostal) VALUES('67218','Illkirch-Graffenstaden','','67400')
INSERT INTO Ville (CodeInsee, Nom, Arrondissement, CodePostal) VALUES('67267','Lingolsheim','','67380')
INSERT INTO Ville (CodeInsee, Nom, Arrondissement, CodePostal) VALUES('67437','Saverne','','67700')
INSERT INTO Ville (CodeInsee, Nom, Arrondissement, CodePostal) VALUES('67447','Schiltigheim','','67300')
INSERT INTO Ville (CodeInsee, Nom, Arrondissement, CodePostal) VALUES('67462','Sélestat','','67600')
INSERT INTO Ville (CodeInsee, Nom, Arrondissement, CodePostal) VALUES('67482','Strasbourg','','67000')
INSERT INTO Ville (CodeInsee, Nom, Arrondissement, CodePostal) VALUES('68063','Cernay','','68700')
INSERT INTO Ville (CodeInsee, Nom, Arrondissement, CodePostal) VALUES('68066','Colmar','','68000')
INSERT INTO Ville (CodeInsee, Nom, Arrondissement, CodePostal) VALUES('68112','Guebwiller','','68500')
INSERT INTO Ville (CodeInsee, Nom, Arrondissement, CodePostal) VALUES('68154','Illzach','','68110')
INSERT INTO Ville (CodeInsee, Nom, Arrondissement, CodePostal) VALUES('68166','Kingersheim','','68260')
INSERT INTO Ville (CodeInsee, Nom, Arrondissement, CodePostal) VALUES('68224','Mulhouse','','68100')
INSERT INTO Ville (CodeInsee, Nom, Arrondissement, CodePostal) VALUES('68271','Riedisheim','','68400')
INSERT INTO Ville (CodeInsee, Nom, Arrondissement, CodePostal) VALUES('68278','Rixheim','','68170')
INSERT INTO Ville (CodeInsee, Nom, Arrondissement, CodePostal) VALUES('68297','Saint-Louis','','68128')
INSERT INTO Ville (CodeInsee, Nom, Arrondissement, CodePostal) VALUES('68376','Wittenheim','','68270')
INSERT INTO Ville (CodeInsee, Nom, Arrondissement, CodePostal) VALUES('69027','Brignais','','69530')
INSERT INTO Ville (CodeInsee, Nom, Arrondissement, CodePostal) VALUES('69029','Bron','','69500')
INSERT INTO Ville (CodeInsee, Nom, Arrondissement, CodePostal) VALUES('69034','Caluire-et-Cuire','','69300')
INSERT INTO Ville (CodeInsee, Nom, Arrondissement, CodePostal) VALUES('69081','Écully','','69130')
INSERT INTO Ville (CodeInsee, Nom, Arrondissement, CodePostal) VALUES('69089','Francheville','','69340')
INSERT INTO Ville (CodeInsee, Nom, Arrondissement, CodePostal) VALUES('69091','Givors','','69700')
INSERT INTO Ville (CodeInsee, Nom, Arrondissement, CodePostal) VALUES('69149','Oullins','','69600')
INSERT INTO Ville (CodeInsee, Nom, Arrondissement, CodePostal) VALUES('69199','Saint-Fons','','69190')
INSERT INTO Ville (CodeInsee, Nom, Arrondissement, CodePostal) VALUES('69202','Sainte-Foy-lès-Lyon','','69110')
INSERT INTO Ville (CodeInsee, Nom, Arrondissement, CodePostal) VALUES('69204','Saint-Genis-Laval','','69230')
INSERT INTO Ville (CodeInsee, Nom, Arrondissement, CodePostal) VALUES('69244','Tassin-la-Demi-Lune','','69160')
INSERT INTO Ville (CodeInsee, Nom, Arrondissement, CodePostal) VALUES('69256','Vaulx-en-Velin','','69120')
INSERT INTO Ville (CodeInsee, Nom, Arrondissement, CodePostal) VALUES('69259','Vénissieux','','69200')
INSERT INTO Ville (CodeInsee, Nom, Arrondissement, CodePostal) VALUES('69264','Villefranche-sur-Saône','','69400')
INSERT INTO Ville (CodeInsee, Nom, Arrondissement, CodePostal) VALUES('69266','Villeurbanne','','69100')
INSERT INTO Ville (CodeInsee, Nom, Arrondissement, CodePostal) VALUES('69275','Décines-Charpieu','','69150')
INSERT INTO Ville (CodeInsee, Nom, Arrondissement, CodePostal) VALUES('69277','Genas','','69740')
INSERT INTO Ville (CodeInsee, Nom, Arrondissement, CodePostal) VALUES('69282','Meyzieu','','69330')
INSERT INTO Ville (CodeInsee, Nom, Arrondissement, CodePostal) VALUES('69283','Mions','','69780')
INSERT INTO Ville (CodeInsee, Nom, Arrondissement, CodePostal) VALUES('69286','Rillieux-la-Pape','','69140')
INSERT INTO Ville (CodeInsee, Nom, Arrondissement, CodePostal) VALUES('69290','Saint-Priest','','69800')
INSERT INTO Ville (CodeInsee, Nom, Arrondissement, CodePostal) VALUES('69381','Lyon','1er','69001')
INSERT INTO Ville (CodeInsee, Nom, Arrondissement, CodePostal) VALUES('69382','Lyon','2ème','69002')
INSERT INTO Ville (CodeInsee, Nom, Arrondissement, CodePostal) VALUES('69383','Lyon','3ème','69003')
INSERT INTO Ville (CodeInsee, Nom, Arrondissement, CodePostal) VALUES('69384','Lyon','4ème','69004')
INSERT INTO Ville (CodeInsee, Nom, Arrondissement, CodePostal) VALUES('69385','Lyon','5ème','69005')
INSERT INTO Ville (CodeInsee, Nom, Arrondissement, CodePostal) VALUES('69386','Lyon','6ème','69006')
INSERT INTO Ville (CodeInsee, Nom, Arrondissement, CodePostal) VALUES('69387','Lyon','7ème','69007')
INSERT INTO Ville (CodeInsee, Nom, Arrondissement, CodePostal) VALUES('69388','Lyon','8ème','69008')
INSERT INTO Ville (CodeInsee, Nom, Arrondissement, CodePostal) VALUES('69389','Lyon','9ème','69009')
INSERT INTO Ville (CodeInsee, Nom, Arrondissement, CodePostal) VALUES('70550','Vesoul','','70000')
INSERT INTO Ville (CodeInsee, Nom, Arrondissement, CodePostal) VALUES('71014','Autun','','71400')
INSERT INTO Ville (CodeInsee, Nom, Arrondissement, CodePostal) VALUES('71076','Chalon-sur-Saône','','71100')
INSERT INTO Ville (CodeInsee, Nom, Arrondissement, CodePostal) VALUES('71153','Le Creusot','','71200')
INSERT INTO Ville (CodeInsee, Nom, Arrondissement, CodePostal) VALUES('71270','Mâcon','','71870')
INSERT INTO Ville (CodeInsee, Nom, Arrondissement, CodePostal) VALUES('71306','Montceau-les-Mines','','71300')
INSERT INTO Ville (CodeInsee, Nom, Arrondissement, CodePostal) VALUES('72003','Allonnes','','72700')
INSERT INTO Ville (CodeInsee, Nom, Arrondissement, CodePostal) VALUES('72154','La Flèche','','72200')
INSERT INTO Ville (CodeInsee, Nom, Arrondissement, CodePostal) VALUES('72181','Le Mans','','72000')
INSERT INTO Ville (CodeInsee, Nom, Arrondissement, CodePostal) VALUES('72264','Sablé-sur-Sarthe','','72300')
INSERT INTO Ville (CodeInsee, Nom, Arrondissement, CodePostal) VALUES('73008','Aix-les-Bains','','73100')
INSERT INTO Ville (CodeInsee, Nom, Arrondissement, CodePostal) VALUES('73011','Albertville','','73200')
INSERT INTO Ville (CodeInsee, Nom, Arrondissement, CodePostal) VALUES('73065','Chambéry','','73000')
INSERT INTO Ville (CodeInsee, Nom, Arrondissement, CodePostal) VALUES('73179','La Motte-Servolex','','73290')
INSERT INTO Ville (CodeInsee, Nom, Arrondissement, CodePostal) VALUES('74010','Annecy','','74000')
INSERT INTO Ville (CodeInsee, Nom, Arrondissement, CodePostal) VALUES('74011','Annecy-le-Vieux','','74940')
INSERT INTO Ville (CodeInsee, Nom, Arrondissement, CodePostal) VALUES('74012','Annemasse','','74100')
INSERT INTO Ville (CodeInsee, Nom, Arrondissement, CodePostal) VALUES('74042','Bonneville','','74130')
INSERT INTO Ville (CodeInsee, Nom, Arrondissement, CodePostal) VALUES('74081','Cluses','','74300')
INSERT INTO Ville (CodeInsee, Nom, Arrondissement, CodePostal) VALUES('74093','Cran-Gevrier','','74960')
INSERT INTO Ville (CodeInsee, Nom, Arrondissement, CodePostal) VALUES('74133','Gaillard','','74240')
INSERT INTO Ville (CodeInsee, Nom, Arrondissement, CodePostal) VALUES('74208','Passy','','74480')
INSERT INTO Ville (CodeInsee, Nom, Arrondissement, CodePostal) VALUES('74225','Rumilly','','74150')
INSERT INTO Ville (CodeInsee, Nom, Arrondissement, CodePostal) VALUES('74243','Saint-Julien-en-Genevois','','74160')
INSERT INTO Ville (CodeInsee, Nom, Arrondissement, CodePostal) VALUES('74256','Sallanches','','74700')
INSERT INTO Ville (CodeInsee, Nom, Arrondissement, CodePostal) VALUES('74268','Seynod','','74600')
INSERT INTO Ville (CodeInsee, Nom, Arrondissement, CodePostal) VALUES('74281','Thonon-les-Bains','','74200')
INSERT INTO Ville (CodeInsee, Nom, Arrondissement, CodePostal) VALUES('75101','Paris','1er','75001')
INSERT INTO Ville (CodeInsee, Nom, Arrondissement, CodePostal) VALUES('75102','Paris','2ème','75002')
INSERT INTO Ville (CodeInsee, Nom, Arrondissement, CodePostal) VALUES('75103','Paris','3ème','75003')
INSERT INTO Ville (CodeInsee, Nom, Arrondissement, CodePostal) VALUES('75104','Paris','4ème','75004')
INSERT INTO Ville (CodeInsee, Nom, Arrondissement, CodePostal) VALUES('75105','Paris','5ème','75005')
INSERT INTO Ville (CodeInsee, Nom, Arrondissement, CodePostal) VALUES('75106','Paris','6ème','75006')
INSERT INTO Ville (CodeInsee, Nom, Arrondissement, CodePostal) VALUES('75107','Paris','7ème','75007')
INSERT INTO Ville (CodeInsee, Nom, Arrondissement, CodePostal) VALUES('75108','Paris','8ème','75008')
INSERT INTO Ville (CodeInsee, Nom, Arrondissement, CodePostal) VALUES('75109','Paris','9ème','75009')
INSERT INTO Ville (CodeInsee, Nom, Arrondissement, CodePostal) VALUES('75110','Paris','10ème','75010')
INSERT INTO Ville (CodeInsee, Nom, Arrondissement, CodePostal) VALUES('75111','Paris','11ème','75011')
INSERT INTO Ville (CodeInsee, Nom, Arrondissement, CodePostal) VALUES('75112','Paris','12ème','75012')
INSERT INTO Ville (CodeInsee, Nom, Arrondissement, CodePostal) VALUES('75113','Paris','13ème','75013')
INSERT INTO Ville (CodeInsee, Nom, Arrondissement, CodePostal) VALUES('75114','Paris','14ème','75014')
INSERT INTO Ville (CodeInsee, Nom, Arrondissement, CodePostal) VALUES('75115','Paris','15ème','75015')
INSERT INTO Ville (CodeInsee, Nom, Arrondissement, CodePostal) VALUES('75116','Paris','16ème','75016')
INSERT INTO Ville (CodeInsee, Nom, Arrondissement, CodePostal) VALUES('75117','Paris','17ème','75017')
INSERT INTO Ville (CodeInsee, Nom, Arrondissement, CodePostal) VALUES('75118','Paris','18ème','75018')
INSERT INTO Ville (CodeInsee, Nom, Arrondissement, CodePostal) VALUES('75119','Paris','19ème','75019')
INSERT INTO Ville (CodeInsee, Nom, Arrondissement, CodePostal) VALUES('75120','Paris','20ème','75020')
INSERT INTO Ville (CodeInsee, Nom, Arrondissement, CodePostal) VALUES('76057','Barentin','','76360')
INSERT INTO Ville (CodeInsee, Nom, Arrondissement, CodePostal) VALUES('76108','Bois-Guillaume','','76230')
INSERT INTO Ville (CodeInsee, Nom, Arrondissement, CodePostal) VALUES('76114','Bolbec','','76210')
INSERT INTO Ville (CodeInsee, Nom, Arrondissement, CodePostal) VALUES('76157','Canteleu','','76380')
INSERT INTO Ville (CodeInsee, Nom, Arrondissement, CodePostal) VALUES('76217','Dieppe','','76200')
INSERT INTO Ville (CodeInsee, Nom, Arrondissement, CodePostal) VALUES('76231','Elbeuf','','76500')
INSERT INTO Ville (CodeInsee, Nom, Arrondissement, CodePostal) VALUES('76259','Fécamp','','76400')
INSERT INTO Ville (CodeInsee, Nom, Arrondissement, CodePostal) VALUES('76322','Le Grand-Quevilly','','76120')
INSERT INTO Ville (CodeInsee, Nom, Arrondissement, CodePostal) VALUES('76351','Le Havre','','76600')
INSERT INTO Ville (CodeInsee, Nom, Arrondissement, CodePostal) VALUES('76410','Maromme','','76150')
INSERT INTO Ville (CodeInsee, Nom, Arrondissement, CodePostal) VALUES('76447','Montivilliers','','76290')
INSERT INTO Ville (CodeInsee, Nom, Arrondissement, CodePostal) VALUES('76451','Mont-Saint-Aignan','','76130')
INSERT INTO Ville (CodeInsee, Nom, Arrondissement, CodePostal) VALUES('76484','Oissel','','76350')
INSERT INTO Ville (CodeInsee, Nom, Arrondissement, CodePostal) VALUES('76498','Le Petit-Quevilly','','76140')
INSERT INTO Ville (CodeInsee, Nom, Arrondissement, CodePostal) VALUES('76540','Rouen','','76000')
INSERT INTO Ville (CodeInsee, Nom, Arrondissement, CodePostal) VALUES('76575','Saint-Étienne-du-Rouvray','','76800')
INSERT INTO Ville (CodeInsee, Nom, Arrondissement, CodePostal) VALUES('76681','Sotteville-lès-Rouen','','76300')
INSERT INTO Ville (CodeInsee, Nom, Arrondissement, CodePostal) VALUES('76758','Yvetot','','76190')
INSERT INTO Ville (CodeInsee, Nom, Arrondissement, CodePostal) VALUES('77014','Avon','','77210')
INSERT INTO Ville (CodeInsee, Nom, Arrondissement, CodePostal) VALUES('77053','Brie-Comte-Robert','','77170')
INSERT INTO Ville (CodeInsee, Nom, Arrondissement, CodePostal) VALUES('77058','Bussy-Saint-Georges','','77600')
INSERT INTO Ville (CodeInsee, Nom, Arrondissement, CodePostal) VALUES('77083','Champs-sur-Marne','','77420')
INSERT INTO Ville (CodeInsee, Nom, Arrondissement, CodePostal) VALUES('77108','Chelles','','77500')
INSERT INTO Ville (CodeInsee, Nom, Arrondissement, CodePostal) VALUES('77118','Claye-Souilly','','77410')
INSERT INTO Ville (CodeInsee, Nom, Arrondissement, CodePostal) VALUES('77122','Combs-la-Ville','','77380')
INSERT INTO Ville (CodeInsee, Nom, Arrondissement, CodePostal) VALUES('77131','Coulommiers','','77120')
INSERT INTO Ville (CodeInsee, Nom, Arrondissement, CodePostal) VALUES('77152','Dammarie-les-Lys','','77190')
INSERT INTO Ville (CodeInsee, Nom, Arrondissement, CodePostal) VALUES('77186','Fontainebleau','','77300')
INSERT INTO Ville (CodeInsee, Nom, Arrondissement, CodePostal) VALUES('77243','Lagny-sur-Marne','','77400')
INSERT INTO Ville (CodeInsee, Nom, Arrondissement, CodePostal) VALUES('77258','Lognes','','77185')
INSERT INTO Ville (CodeInsee, Nom, Arrondissement, CodePostal) VALUES('77284','Meaux','','77100')
INSERT INTO Ville (CodeInsee, Nom, Arrondissement, CodePostal) VALUES('77285','Le Mée-sur-Seine','','77350')
INSERT INTO Ville (CodeInsee, Nom, Arrondissement, CodePostal) VALUES('77288','Melun','','77000')
INSERT INTO Ville (CodeInsee, Nom, Arrondissement, CodePostal) VALUES('77294','Mitry-Mory','','77290')
INSERT INTO Ville (CodeInsee, Nom, Arrondissement, CodePostal) VALUES('77296','Moissy-Cramayel','','77550')
INSERT INTO Ville (CodeInsee, Nom, Arrondissement, CodePostal) VALUES('77305','Montereau-Fault-Yonne','','77130')
INSERT INTO Ville (CodeInsee, Nom, Arrondissement, CodePostal) VALUES('77333','Nemours','','77140')
INSERT INTO Ville (CodeInsee, Nom, Arrondissement, CodePostal) VALUES('77337','Noisiel','','77186')
INSERT INTO Ville (CodeInsee, Nom, Arrondissement, CodePostal) VALUES('77350','Ozoir-la-Ferrière','','77330')
INSERT INTO Ville (CodeInsee, Nom, Arrondissement, CodePostal) VALUES('77373','Pontault-Combault','','77340')
INSERT INTO Ville (CodeInsee, Nom, Arrondissement, CodePostal) VALUES('77379','Provins','','77160')
INSERT INTO Ville (CodeInsee, Nom, Arrondissement, CodePostal) VALUES('77390','Roissy-en-Brie','','77680')
INSERT INTO Ville (CodeInsee, Nom, Arrondissement, CodePostal) VALUES('77407','Saint-Fargeau-Ponthierry','','77310')
INSERT INTO Ville (CodeInsee, Nom, Arrondissement, CodePostal) VALUES('77445','Savigny-le-Temple','','77176')
INSERT INTO Ville (CodeInsee, Nom, Arrondissement, CodePostal) VALUES('77468','Torcy','','77200')
INSERT INTO Ville (CodeInsee, Nom, Arrondissement, CodePostal) VALUES('77479','Vaires-sur-Marne','','77360')
INSERT INTO Ville (CodeInsee, Nom, Arrondissement, CodePostal) VALUES('77487','Vaux-le-Pénil','','77000')
INSERT INTO Ville (CodeInsee, Nom, Arrondissement, CodePostal) VALUES('77514','Villeparisis','','77270')
INSERT INTO Ville (CodeInsee, Nom, Arrondissement, CodePostal) VALUES('78005','Achères','','78260')
INSERT INTO Ville (CodeInsee, Nom, Arrondissement, CodePostal) VALUES('78015','Andrésy','','78570')
INSERT INTO Ville (CodeInsee, Nom, Arrondissement, CodePostal) VALUES('78029','Aubergenville','','78410')
INSERT INTO Ville (CodeInsee, Nom, Arrondissement, CodePostal) VALUES('78073','Bois-d''Arcy','','78390')
INSERT INTO Ville (CodeInsee, Nom, Arrondissement, CodePostal) VALUES('78123','Carrières-sous-Poissy','','78955')
INSERT INTO Ville (CodeInsee, Nom, Arrondissement, CodePostal) VALUES('78124','Carrières-sur-Seine','','78420')
INSERT INTO Ville (CodeInsee, Nom, Arrondissement, CodePostal) VALUES('78126','La Celle-Saint-Cloud','','78170')
INSERT INTO Ville (CodeInsee, Nom, Arrondissement, CodePostal) VALUES('78146','Chatou','','78400')
INSERT INTO Ville (CodeInsee, Nom, Arrondissement, CodePostal) VALUES('78158','Le Chesnay','','78150')
INSERT INTO Ville (CodeInsee, Nom, Arrondissement, CodePostal) VALUES('78165','Clayes-sous-Bois','','78340')
INSERT INTO Ville (CodeInsee, Nom, Arrondissement, CodePostal) VALUES('78172','Conflans-Sainte-Honorine','','78700')
INSERT INTO Ville (CodeInsee, Nom, Arrondissement, CodePostal) VALUES('78208','Élancourt','','78990')
INSERT INTO Ville (CodeInsee, Nom, Arrondissement, CodePostal) VALUES('78242','Fontenay-le-Fleury','','78330')
INSERT INTO Ville (CodeInsee, Nom, Arrondissement, CodePostal) VALUES('78297','Guyancourt','','78280')
INSERT INTO Ville (CodeInsee, Nom, Arrondissement, CodePostal) VALUES('78311','Houilles','','78800')
INSERT INTO Ville (CodeInsee, Nom, Arrondissement, CodePostal) VALUES('78335','Limay','','78520')
INSERT INTO Ville (CodeInsee, Nom, Arrondissement, CodePostal) VALUES('78358','Maisons-Laffitte','','78600')
INSERT INTO Ville (CodeInsee, Nom, Arrondissement, CodePostal) VALUES('78361','Mantes-la-Jolie','','78200')
INSERT INTO Ville (CodeInsee, Nom, Arrondissement, CodePostal) VALUES('78362','Mantes-la-Ville','','78200')
INSERT INTO Ville (CodeInsee, Nom, Arrondissement, CodePostal) VALUES('78372','Marly-le-Roi','','78160')
INSERT INTO Ville (CodeInsee, Nom, Arrondissement, CodePostal) VALUES('78383','Maurepas','','78310')
INSERT INTO Ville (CodeInsee, Nom, Arrondissement, CodePostal) VALUES('78418','Montesson','','78360')
INSERT INTO Ville (CodeInsee, Nom, Arrondissement, CodePostal) VALUES('78423','Montigny-le-Bretonneux','','78180')
INSERT INTO Ville (CodeInsee, Nom, Arrondissement, CodePostal) VALUES('78440','Mureaux','','78130')
INSERT INTO Ville (CodeInsee, Nom, Arrondissement, CodePostal) VALUES('78481','Le Pecq','','78230')
INSERT INTO Ville (CodeInsee, Nom, Arrondissement, CodePostal) VALUES('78490','Plaisir','','78370')
INSERT INTO Ville (CodeInsee, Nom, Arrondissement, CodePostal) VALUES('78498','Poissy','','78300')
INSERT INTO Ville (CodeInsee, Nom, Arrondissement, CodePostal) VALUES('78517','Rambouillet','','78120')
INSERT INTO Ville (CodeInsee, Nom, Arrondissement, CodePostal) VALUES('78545','Saint-Cyr-l''École','','78210')
INSERT INTO Ville (CodeInsee, Nom, Arrondissement, CodePostal) VALUES('78551','Saint-Germain-en-Laye','','78100')
INSERT INTO Ville (CodeInsee, Nom, Arrondissement, CodePostal) VALUES('78586','Sartrouville','','78500')
INSERT INTO Ville (CodeInsee, Nom, Arrondissement, CodePostal) VALUES('78621','Trappes','','78190')
INSERT INTO Ville (CodeInsee, Nom, Arrondissement, CodePostal) VALUES('78624','Triel-sur-Seine','','78510')
INSERT INTO Ville (CodeInsee, Nom, Arrondissement, CodePostal) VALUES('78640','Vélizy-Villacoublay','','78140')
INSERT INTO Ville (CodeInsee, Nom, Arrondissement, CodePostal) VALUES('78642','Verneuil-sur-Seine','','78480')
INSERT INTO Ville (CodeInsee, Nom, Arrondissement, CodePostal) VALUES('78646','Versailles','','78000')
INSERT INTO Ville (CodeInsee, Nom, Arrondissement, CodePostal) VALUES('78650','Le Vésinet','','78110')
INSERT INTO Ville (CodeInsee, Nom, Arrondissement, CodePostal) VALUES('78686','Viroflay','','78220')
INSERT INTO Ville (CodeInsee, Nom, Arrondissement, CodePostal) VALUES('78688','Voisins-le-Bretonneux','','78960')
INSERT INTO Ville (CodeInsee, Nom, Arrondissement, CodePostal) VALUES('79049','Bressuire','','79300')
INSERT INTO Ville (CodeInsee, Nom, Arrondissement, CodePostal) VALUES('79191','Niort','','79000')
INSERT INTO Ville (CodeInsee, Nom, Arrondissement, CodePostal) VALUES('80001','Abbeville','','80132')
INSERT INTO Ville (CodeInsee, Nom, Arrondissement, CodePostal) VALUES('80021','Amiens','','80000')
INSERT INTO Ville (CodeInsee, Nom, Arrondissement, CodePostal) VALUES('81004','Albi','','81990')
INSERT INTO Ville (CodeInsee, Nom, Arrondissement, CodePostal) VALUES('81065','Castres','','81100')
INSERT INTO Ville (CodeInsee, Nom, Arrondissement, CodePostal) VALUES('81099','Gaillac','','81600')
INSERT INTO Ville (CodeInsee, Nom, Arrondissement, CodePostal) VALUES('81105','Graulhet','','81300')
INSERT INTO Ville (CodeInsee, Nom, Arrondissement, CodePostal) VALUES('82033','Castelsarrasin','','82100')
INSERT INTO Ville (CodeInsee, Nom, Arrondissement, CodePostal) VALUES('82112','Moissac','','82200')
INSERT INTO Ville (CodeInsee, Nom, Arrondissement, CodePostal) VALUES('82121','Montauban','','82000')
INSERT INTO Ville (CodeInsee, Nom, Arrondissement, CodePostal) VALUES('83023','Brignoles','','83170')
INSERT INTO Ville (CodeInsee, Nom, Arrondissement, CodePostal) VALUES('83042','Cogolin','','83310')
INSERT INTO Ville (CodeInsee, Nom, Arrondissement, CodePostal) VALUES('83047','La Crau','','83260')
INSERT INTO Ville (CodeInsee, Nom, Arrondissement, CodePostal) VALUES('83050','Draguignan','','83300')
INSERT INTO Ville (CodeInsee, Nom, Arrondissement, CodePostal) VALUES('83061','Fréjus','','83600')
INSERT INTO Ville (CodeInsee, Nom, Arrondissement, CodePostal) VALUES('83062','La Garde','','83130')
INSERT INTO Ville (CodeInsee, Nom, Arrondissement, CodePostal) VALUES('83069','Hyères','','83400')
INSERT INTO Ville (CodeInsee, Nom, Arrondissement, CodePostal) VALUES('83090','Ollioules','','83190')
INSERT INTO Ville (CodeInsee, Nom, Arrondissement, CodePostal) VALUES('83098','Le Pradet','','83220')
INSERT INTO Ville (CodeInsee, Nom, Arrondissement, CodePostal) VALUES('83107','Roquebrune-sur-Argens','','83520')
INSERT INTO Ville (CodeInsee, Nom, Arrondissement, CodePostal) VALUES('83112','Saint-Cyr-sur-Mer','','83270')
INSERT INTO Ville (CodeInsee, Nom, Arrondissement, CodePostal) VALUES('83115','Sainte-Maxime','','83120')
INSERT INTO Ville (CodeInsee, Nom, Arrondissement, CodePostal) VALUES('83116','Saint-Maximin-la-Sainte-Baume','','83470')
INSERT INTO Ville (CodeInsee, Nom, Arrondissement, CodePostal) VALUES('83118','Saint-Raphaël','','83700')
INSERT INTO Ville (CodeInsee, Nom, Arrondissement, CodePostal) VALUES('83123','Sanary-sur-Mer','','83110')
INSERT INTO Ville (CodeInsee, Nom, Arrondissement, CodePostal) VALUES('83126','La Seyne-sur-Mer','','83500')
INSERT INTO Ville (CodeInsee, Nom, Arrondissement, CodePostal) VALUES('83129','Six-Fours-les-Plages','','83140')
INSERT INTO Ville (CodeInsee, Nom, Arrondissement, CodePostal) VALUES('83130','Solliès-Pont','','83210')
INSERT INTO Ville (CodeInsee, Nom, Arrondissement, CodePostal) VALUES('83137','Toulon','','83000')
INSERT INTO Ville (CodeInsee, Nom, Arrondissement, CodePostal) VALUES('83144','La Valette-du-Var','','83160')
INSERT INTO Ville (CodeInsee, Nom, Arrondissement, CodePostal) VALUES('84003','Apt','','84400')
INSERT INTO Ville (CodeInsee, Nom, Arrondissement, CodePostal) VALUES('84007','Avignon','','84000')
INSERT INTO Ville (CodeInsee, Nom, Arrondissement, CodePostal) VALUES('84019','Bollène','','84500')
INSERT INTO Ville (CodeInsee, Nom, Arrondissement, CodePostal) VALUES('84031','Carpentras','','84200')
INSERT INTO Ville (CodeInsee, Nom, Arrondissement, CodePostal) VALUES('84035','Cavaillon','','84300')
INSERT INTO Ville (CodeInsee, Nom, Arrondissement, CodePostal) VALUES('84054','L''Isle-sur-la-Sorgue','','84800')
INSERT INTO Ville (CodeInsee, Nom, Arrondissement, CodePostal) VALUES('84087','Orange','','84100')
INSERT INTO Ville (CodeInsee, Nom, Arrondissement, CodePostal) VALUES('84089','Pertuis','','84120')
INSERT INTO Ville (CodeInsee, Nom, Arrondissement, CodePostal) VALUES('84092','Le Pontet','','84130')
INSERT INTO Ville (CodeInsee, Nom, Arrondissement, CodePostal) VALUES('84129','Sorgues','','84700')
INSERT INTO Ville (CodeInsee, Nom, Arrondissement, CodePostal) VALUES('85047','Challans','','85300')
INSERT INTO Ville (CodeInsee, Nom, Arrondissement, CodePostal) VALUES('85060','Château-d''Olonne','','85180')
INSERT INTO Ville (CodeInsee, Nom, Arrondissement, CodePostal) VALUES('85092','Fontenay-le-Comte','','85200')
INSERT INTO Ville (CodeInsee, Nom, Arrondissement, CodePostal) VALUES('85109','Herbiers','','85500')
INSERT INTO Ville (CodeInsee, Nom, Arrondissement, CodePostal) VALUES('85166','Olonne-sur-Mer','','85340')
INSERT INTO Ville (CodeInsee, Nom, Arrondissement, CodePostal) VALUES('85191','La Roche-sur-Yon','','85000')
INSERT INTO Ville (CodeInsee, Nom, Arrondissement, CodePostal) VALUES('85194','Sables-d''Olonne','','85180')
INSERT INTO Ville (CodeInsee, Nom, Arrondissement, CodePostal) VALUES('86066','Châtellerault','','86100')
INSERT INTO Ville (CodeInsee, Nom, Arrondissement, CodePostal) VALUES('86194','Poitiers','','86000')
INSERT INTO Ville (CodeInsee, Nom, Arrondissement, CodePostal) VALUES('87085','Limoges','','87000')
INSERT INTO Ville (CodeInsee, Nom, Arrondissement, CodePostal) VALUES('87154','Saint-Junien','','87200')
INSERT INTO Ville (CodeInsee, Nom, Arrondissement, CodePostal) VALUES('88160','Épinal','','88000')
INSERT INTO Ville (CodeInsee, Nom, Arrondissement, CodePostal) VALUES('88413','Saint-Dié-des-Vosges','','88100')
INSERT INTO Ville (CodeInsee, Nom, Arrondissement, CodePostal) VALUES('89024','Auxerre','','89000')
INSERT INTO Ville (CodeInsee, Nom, Arrondissement, CodePostal) VALUES('89387','Sens','','89100')
INSERT INTO Ville (CodeInsee, Nom, Arrondissement, CodePostal) VALUES('90010','Belfort','','90000')
INSERT INTO Ville (CodeInsee, Nom, Arrondissement, CodePostal) VALUES('91027','Athis-Mons','','91200')
INSERT INTO Ville (CodeInsee, Nom, Arrondissement, CodePostal) VALUES('91103','Brétigny-sur-Orge','','91220')
INSERT INTO Ville (CodeInsee, Nom, Arrondissement, CodePostal) VALUES('91114','Brunoy','','91800')
INSERT INTO Ville (CodeInsee, Nom, Arrondissement, CodePostal) VALUES('91161','Chilly-Mazarin','','91380')
INSERT INTO Ville (CodeInsee, Nom, Arrondissement, CodePostal) VALUES('91174','Corbeil-Essonnes','','91100')
INSERT INTO Ville (CodeInsee, Nom, Arrondissement, CodePostal) VALUES('91182','Courcouronnes','','91080')
INSERT INTO Ville (CodeInsee, Nom, Arrondissement, CodePostal) VALUES('91201','Draveil','','91210')
INSERT INTO Ville (CodeInsee, Nom, Arrondissement, CodePostal) VALUES('91215','Épinay-sous-Sénart','','91860')
INSERT INTO Ville (CodeInsee, Nom, Arrondissement, CodePostal) VALUES('91223','Étampes','','91150')
INSERT INTO Ville (CodeInsee, Nom, Arrondissement, CodePostal) VALUES('91228','Évry','','91090')
INSERT INTO Ville (CodeInsee, Nom, Arrondissement, CodePostal) VALUES('91272','Gif-sur-Yvette','','91190')
INSERT INTO Ville (CodeInsee, Nom, Arrondissement, CodePostal) VALUES('91286','Grigny','','91350')
INSERT INTO Ville (CodeInsee, Nom, Arrondissement, CodePostal) VALUES('91326','Juvisy-sur-Orge','','91260')
INSERT INTO Ville (CodeInsee, Nom, Arrondissement, CodePostal) VALUES('91345','Longjumeau','','91160')
INSERT INTO Ville (CodeInsee, Nom, Arrondissement, CodePostal) VALUES('91377','Massy','','91300')
INSERT INTO Ville (CodeInsee, Nom, Arrondissement, CodePostal) VALUES('91386','Mennecy','','91540')
INSERT INTO Ville (CodeInsee, Nom, Arrondissement, CodePostal) VALUES('91421','Montgeron','','91230')
INSERT INTO Ville (CodeInsee, Nom, Arrondissement, CodePostal) VALUES('91432','Morangis','','91420')
INSERT INTO Ville (CodeInsee, Nom, Arrondissement, CodePostal) VALUES('91434','Morsang-sur-Orge','','91390')
INSERT INTO Ville (CodeInsee, Nom, Arrondissement, CodePostal) VALUES('91471','Orsay','','91400')
INSERT INTO Ville (CodeInsee, Nom, Arrondissement, CodePostal) VALUES('91477','Palaiseau','','91120')
INSERT INTO Ville (CodeInsee, Nom, Arrondissement, CodePostal) VALUES('91521','Ris-Orangis','','91000')
INSERT INTO Ville (CodeInsee, Nom, Arrondissement, CodePostal) VALUES('91549','Sainte-Geneviève-des-Bois','','91700')
INSERT INTO Ville (CodeInsee, Nom, Arrondissement, CodePostal) VALUES('91570','Saint-Michel-sur-Orge','','91240')
INSERT INTO Ville (CodeInsee, Nom, Arrondissement, CodePostal) VALUES('91589','Savigny-sur-Orge','','91600')
INSERT INTO Ville (CodeInsee, Nom, Arrondissement, CodePostal) VALUES('91645','Verrières-le-Buisson','','91370')
INSERT INTO Ville (CodeInsee, Nom, Arrondissement, CodePostal) VALUES('91657','Vigneux-sur-Seine','','91270')
INSERT INTO Ville (CodeInsee, Nom, Arrondissement, CodePostal) VALUES('91687','Viry-Châtillon','','91170')
INSERT INTO Ville (CodeInsee, Nom, Arrondissement, CodePostal) VALUES('91691','Yerres','','91330')
INSERT INTO Ville (CodeInsee, Nom, Arrondissement, CodePostal) VALUES('91692','Ulis','','91940')
INSERT INTO Ville (CodeInsee, Nom, Arrondissement, CodePostal) VALUES('92002','Antony','','92160')
INSERT INTO Ville (CodeInsee, Nom, Arrondissement, CodePostal) VALUES('92004','Asnières-sur-Seine','','92600')
INSERT INTO Ville (CodeInsee, Nom, Arrondissement, CodePostal) VALUES('92007','Bagneux','','92220')
INSERT INTO Ville (CodeInsee, Nom, Arrondissement, CodePostal) VALUES('92009','Bois-Colombes','','92270')
INSERT INTO Ville (CodeInsee, Nom, Arrondissement, CodePostal) VALUES('92012','Boulogne-Billancourt','','92100')
INSERT INTO Ville (CodeInsee, Nom, Arrondissement, CodePostal) VALUES('92014','Bourg-la-Reine','','92340')
INSERT INTO Ville (CodeInsee, Nom, Arrondissement, CodePostal) VALUES('92019','Châtenay-Malabry','','92290')
INSERT INTO Ville (CodeInsee, Nom, Arrondissement, CodePostal) VALUES('92020','Châtillon','','92320')
INSERT INTO Ville (CodeInsee, Nom, Arrondissement, CodePostal) VALUES('92022','Chaville','','92370')
INSERT INTO Ville (CodeInsee, Nom, Arrondissement, CodePostal) VALUES('92023','Clamart','','92140')
INSERT INTO Ville (CodeInsee, Nom, Arrondissement, CodePostal) VALUES('92024','Clichy','','92110')
INSERT INTO Ville (CodeInsee, Nom, Arrondissement, CodePostal) VALUES('92025','Colombes','','92700')
INSERT INTO Ville (CodeInsee, Nom, Arrondissement, CodePostal) VALUES('92026','Courbevoie','','92400')
INSERT INTO Ville (CodeInsee, Nom, Arrondissement, CodePostal) VALUES('92032','Fontenay-aux-Roses','','92260')
INSERT INTO Ville (CodeInsee, Nom, Arrondissement, CodePostal) VALUES('92033','Garches','','92380')
INSERT INTO Ville (CodeInsee, Nom, Arrondissement, CodePostal) VALUES('92035','La Garenne-Colombes','','92250')
INSERT INTO Ville (CodeInsee, Nom, Arrondissement, CodePostal) VALUES('92036','Gennevilliers','','92230')
INSERT INTO Ville (CodeInsee, Nom, Arrondissement, CodePostal) VALUES('92040','Issy-les-Moulineaux','','92130')
INSERT INTO Ville (CodeInsee, Nom, Arrondissement, CodePostal) VALUES('92044','Levallois-Perret','','92300')
INSERT INTO Ville (CodeInsee, Nom, Arrondissement, CodePostal) VALUES('92046','Malakoff','','92240')
INSERT INTO Ville (CodeInsee, Nom, Arrondissement, CodePostal) VALUES('92048','Meudon','','92190')
INSERT INTO Ville (CodeInsee, Nom, Arrondissement, CodePostal) VALUES('92049','Montrouge','','92120')
INSERT INTO Ville (CodeInsee, Nom, Arrondissement, CodePostal) VALUES('92050','Nanterre','','92000')
INSERT INTO Ville (CodeInsee, Nom, Arrondissement, CodePostal) VALUES('92051','Neuilly-sur-Seine','','92200')
INSERT INTO Ville (CodeInsee, Nom, Arrondissement, CodePostal) VALUES('92060','Le Plessis-Robinson','','92350')
INSERT INTO Ville (CodeInsee, Nom, Arrondissement, CodePostal) VALUES('92062','Puteaux','','92800')
INSERT INTO Ville (CodeInsee, Nom, Arrondissement, CodePostal) VALUES('92063','Rueil-Malmaison','','92500')
INSERT INTO Ville (CodeInsee, Nom, Arrondissement, CodePostal) VALUES('92064','Saint-Cloud','','92210')
INSERT INTO Ville (CodeInsee, Nom, Arrondissement, CodePostal) VALUES('92071','Sceaux','','92330')
INSERT INTO Ville (CodeInsee, Nom, Arrondissement, CodePostal) VALUES('92072','Sèvres','','92310')
INSERT INTO Ville (CodeInsee, Nom, Arrondissement, CodePostal) VALUES('92073','Suresnes','','92150')
INSERT INTO Ville (CodeInsee, Nom, Arrondissement, CodePostal) VALUES('92075','Vanves','','92170')
INSERT INTO Ville (CodeInsee, Nom, Arrondissement, CodePostal) VALUES('92078','Villeneuve-la-Garenne','','92390')
INSERT INTO Ville (CodeInsee, Nom, Arrondissement, CodePostal) VALUES('93001','Aubervilliers','','93300')
INSERT INTO Ville (CodeInsee, Nom, Arrondissement, CodePostal) VALUES('93005','Aulnay-sous-Bois','','93600')
INSERT INTO Ville (CodeInsee, Nom, Arrondissement, CodePostal) VALUES('93006','Bagnolet','','93170')
INSERT INTO Ville (CodeInsee, Nom, Arrondissement, CodePostal) VALUES('93007','Le Blanc-Mesnil','','93150')
INSERT INTO Ville (CodeInsee, Nom, Arrondissement, CodePostal) VALUES('93008','Bobigny','','93000')
INSERT INTO Ville (CodeInsee, Nom, Arrondissement, CodePostal) VALUES('93010','Bondy','','93140')
INSERT INTO Ville (CodeInsee, Nom, Arrondissement, CodePostal) VALUES('93013','Le Bourget','','93350')
INSERT INTO Ville (CodeInsee, Nom, Arrondissement, CodePostal) VALUES('93014','Clichy-sous-Bois','','93390')
INSERT INTO Ville (CodeInsee, Nom, Arrondissement, CodePostal) VALUES('93027','La Courneuve','','93120')
INSERT INTO Ville (CodeInsee, Nom, Arrondissement, CodePostal) VALUES('93029','Drancy','','93700')
INSERT INTO Ville (CodeInsee, Nom, Arrondissement, CodePostal) VALUES('93031','Épinay-sur-Seine','','93800')
INSERT INTO Ville (CodeInsee, Nom, Arrondissement, CodePostal) VALUES('93032','Gagny','','93220')
INSERT INTO Ville (CodeInsee, Nom, Arrondissement, CodePostal) VALUES('93045','Lilas','','93260')
INSERT INTO Ville (CodeInsee, Nom, Arrondissement, CodePostal) VALUES('93046','Livry-Gargan','','93190')
INSERT INTO Ville (CodeInsee, Nom, Arrondissement, CodePostal) VALUES('93047','Montfermeil','','93370')
INSERT INTO Ville (CodeInsee, Nom, Arrondissement, CodePostal) VALUES('93048','Montreuil','','93100')
INSERT INTO Ville (CodeInsee, Nom, Arrondissement, CodePostal) VALUES('93049','Neuilly-Plaisance','','93360')
INSERT INTO Ville (CodeInsee, Nom, Arrondissement, CodePostal) VALUES('93050','Neuilly-sur-Marne','','93330')
INSERT INTO Ville (CodeInsee, Nom, Arrondissement, CodePostal) VALUES('93051','Noisy-le-Grand','','93160')
INSERT INTO Ville (CodeInsee, Nom, Arrondissement, CodePostal) VALUES('93053','Noisy-le-Sec','','93130')
INSERT INTO Ville (CodeInsee, Nom, Arrondissement, CodePostal) VALUES('93055','Pantin','','93500')
INSERT INTO Ville (CodeInsee, Nom, Arrondissement, CodePostal) VALUES('93057','Pavillons-sous-Bois','','93320')
INSERT INTO Ville (CodeInsee, Nom, Arrondissement, CodePostal) VALUES('93059','Pierrefitte-sur-Seine','','93380')
INSERT INTO Ville (CodeInsee, Nom, Arrondissement, CodePostal) VALUES('93061','Le Pré-Saint-Gervais','','93310')
INSERT INTO Ville (CodeInsee, Nom, Arrondissement, CodePostal) VALUES('93062','Le Raincy','','93340')
INSERT INTO Ville (CodeInsee, Nom, Arrondissement, CodePostal) VALUES('93063','Romainville','','93230')
INSERT INTO Ville (CodeInsee, Nom, Arrondissement, CodePostal) VALUES('93064','Rosny-sous-Bois','','93110')
INSERT INTO Ville (CodeInsee, Nom, Arrondissement, CodePostal) VALUES('93066','Saint-Denis','','93200')
INSERT INTO Ville (CodeInsee, Nom, Arrondissement, CodePostal) VALUES('93070','Saint-Ouen','','93400')
INSERT INTO Ville (CodeInsee, Nom, Arrondissement, CodePostal) VALUES('93071','Sevran','','93270')
INSERT INTO Ville (CodeInsee, Nom, Arrondissement, CodePostal) VALUES('93072','Stains','','93240')
INSERT INTO Ville (CodeInsee, Nom, Arrondissement, CodePostal) VALUES('93073','Tremblay-en-France','','93290')
INSERT INTO Ville (CodeInsee, Nom, Arrondissement, CodePostal) VALUES('93077','Villemomble','','93250')
INSERT INTO Ville (CodeInsee, Nom, Arrondissement, CodePostal) VALUES('93078','Villepinte','','93420')
INSERT INTO Ville (CodeInsee, Nom, Arrondissement, CodePostal) VALUES('93079','Villetaneuse','','93430')
INSERT INTO Ville (CodeInsee, Nom, Arrondissement, CodePostal) VALUES('94002','Alfortville','','94140')
INSERT INTO Ville (CodeInsee, Nom, Arrondissement, CodePostal) VALUES('94003','Arcueil','','94110')
INSERT INTO Ville (CodeInsee, Nom, Arrondissement, CodePostal) VALUES('94004','Boissy-Saint-Léger','','94470')
INSERT INTO Ville (CodeInsee, Nom, Arrondissement, CodePostal) VALUES('94011','Bonneuil-sur-Marne','','94380')
INSERT INTO Ville (CodeInsee, Nom, Arrondissement, CodePostal) VALUES('94015','Bry-sur-Marne','','94360')
INSERT INTO Ville (CodeInsee, Nom, Arrondissement, CodePostal) VALUES('94016','Cachan','','94230')
INSERT INTO Ville (CodeInsee, Nom, Arrondissement, CodePostal) VALUES('94017','Champigny-sur-Marne','','94500')
INSERT INTO Ville (CodeInsee, Nom, Arrondissement, CodePostal) VALUES('94018','Charenton-le-Pont','','94220')
INSERT INTO Ville (CodeInsee, Nom, Arrondissement, CodePostal) VALUES('94019','Chennevières-sur-Marne','','94430')
INSERT INTO Ville (CodeInsee, Nom, Arrondissement, CodePostal) VALUES('94021','Chevilly-Larue','','94550')
INSERT INTO Ville (CodeInsee, Nom, Arrondissement, CodePostal) VALUES('94022','Choisy-le-Roi','','94600')
INSERT INTO Ville (CodeInsee, Nom, Arrondissement, CodePostal) VALUES('94028','Créteil','','94000')
INSERT INTO Ville (CodeInsee, Nom, Arrondissement, CodePostal) VALUES('94033','Fontenay-sous-Bois','','94120')
INSERT INTO Ville (CodeInsee, Nom, Arrondissement, CodePostal) VALUES('94034','Fresnes','','94260')
INSERT INTO Ville (CodeInsee, Nom, Arrondissement, CodePostal) VALUES('94037','Gentilly','','94250')
INSERT INTO Ville (CodeInsee, Nom, Arrondissement, CodePostal) VALUES('94038','L''Haÿ-les-Roses','','94240')
INSERT INTO Ville (CodeInsee, Nom, Arrondissement, CodePostal) VALUES('94041','Ivry-sur-Seine','','94200')
INSERT INTO Ville (CodeInsee, Nom, Arrondissement, CodePostal) VALUES('94042','Joinville-le-Pont','','94340')
INSERT INTO Ville (CodeInsee, Nom, Arrondissement, CodePostal) VALUES('94043','Le Kremlin-Bicêtre','','94270')
INSERT INTO Ville (CodeInsee, Nom, Arrondissement, CodePostal) VALUES('94044','Limeil-Brévannes','','94450')
INSERT INTO Ville (CodeInsee, Nom, Arrondissement, CodePostal) VALUES('94046','Maisons-Alfort','','94700')
INSERT INTO Ville (CodeInsee, Nom, Arrondissement, CodePostal) VALUES('94052','Nogent-sur-Marne','','94130')
INSERT INTO Ville (CodeInsee, Nom, Arrondissement, CodePostal) VALUES('94054','Orly','','94310')
INSERT INTO Ville (CodeInsee, Nom, Arrondissement, CodePostal) VALUES('94058','Le Perreux-sur-Marne','','94170')
INSERT INTO Ville (CodeInsee, Nom, Arrondissement, CodePostal) VALUES('94059','Le Plessis-Trévise','','94420')
INSERT INTO Ville (CodeInsee, Nom, Arrondissement, CodePostal) VALUES('94060','La Queue-en-Brie','','94510')
INSERT INTO Ville (CodeInsee, Nom, Arrondissement, CodePostal) VALUES('94067','Saint-Mandé','','94160')
INSERT INTO Ville (CodeInsee, Nom, Arrondissement, CodePostal) VALUES('94068','Saint-Maur-des-Fossés','','94100')
INSERT INTO Ville (CodeInsee, Nom, Arrondissement, CodePostal) VALUES('94069','Saint-Maurice','','94410')
INSERT INTO Ville (CodeInsee, Nom, Arrondissement, CodePostal) VALUES('94071','Sucy-en-Brie','','94880')
INSERT INTO Ville (CodeInsee, Nom, Arrondissement, CodePostal) VALUES('94073','Thiais','','94320')
INSERT INTO Ville (CodeInsee, Nom, Arrondissement, CodePostal) VALUES('94074','Valenton','','94460')
INSERT INTO Ville (CodeInsee, Nom, Arrondissement, CodePostal) VALUES('94076','Villejuif','','94800')
INSERT INTO Ville (CodeInsee, Nom, Arrondissement, CodePostal) VALUES('94077','Villeneuve-le-Roi','','94290')
INSERT INTO Ville (CodeInsee, Nom, Arrondissement, CodePostal) VALUES('94078','Villeneuve-Saint-Georges','','94190')
INSERT INTO Ville (CodeInsee, Nom, Arrondissement, CodePostal) VALUES('94079','Villiers-sur-Marne','','94350')
INSERT INTO Ville (CodeInsee, Nom, Arrondissement, CodePostal) VALUES('94080','Vincennes','','94300')
INSERT INTO Ville (CodeInsee, Nom, Arrondissement, CodePostal) VALUES('94081','Vitry-sur-Seine','','94400')
INSERT INTO Ville (CodeInsee, Nom, Arrondissement, CodePostal) VALUES('95018','Argenteuil','','95100')
INSERT INTO Ville (CodeInsee, Nom, Arrondissement, CodePostal) VALUES('95019','Arnouville','','95400')
INSERT INTO Ville (CodeInsee, Nom, Arrondissement, CodePostal) VALUES('95063','Bezons','','95870')
INSERT INTO Ville (CodeInsee, Nom, Arrondissement, CodePostal) VALUES('95127','Cergy','','95000')
INSERT INTO Ville (CodeInsee, Nom, Arrondissement, CodePostal) VALUES('95176','Cormeilles-en-Parisis','','95240')
INSERT INTO Ville (CodeInsee, Nom, Arrondissement, CodePostal) VALUES('95197','Deuil-la-Barre','','95170')
INSERT INTO Ville (CodeInsee, Nom, Arrondissement, CodePostal) VALUES('95199','Domont','','95330')
INSERT INTO Ville (CodeInsee, Nom, Arrondissement, CodePostal) VALUES('95203','Eaubonne','','95600')
INSERT INTO Ville (CodeInsee, Nom, Arrondissement, CodePostal) VALUES('95210','Enghien-les-Bains','','95880')
INSERT INTO Ville (CodeInsee, Nom, Arrondissement, CodePostal) VALUES('95218','Éragny','','95610')
INSERT INTO Ville (CodeInsee, Nom, Arrondissement, CodePostal) VALUES('95219','Ermont','','95120')
INSERT INTO Ville (CodeInsee, Nom, Arrondissement, CodePostal) VALUES('95252','Franconville','','95130')
INSERT INTO Ville (CodeInsee, Nom, Arrondissement, CodePostal) VALUES('95268','Garges-lès-Gonesse','','95140')
INSERT INTO Ville (CodeInsee, Nom, Arrondissement, CodePostal) VALUES('95277','Gonesse','','95500')
INSERT INTO Ville (CodeInsee, Nom, Arrondissement, CodePostal) VALUES('95280','Goussainville','','95190')
INSERT INTO Ville (CodeInsee, Nom, Arrondissement, CodePostal) VALUES('95306','Herblay','','95220')
INSERT INTO Ville (CodeInsee, Nom, Arrondissement, CodePostal) VALUES('95313','L''Isle-Adam','','95290')
INSERT INTO Ville (CodeInsee, Nom, Arrondissement, CodePostal) VALUES('95323','Jouy-le-Moutier','','95280')
INSERT INTO Ville (CodeInsee, Nom, Arrondissement, CodePostal) VALUES('95424','Montigny-lès-Cormeilles','','95370')
INSERT INTO Ville (CodeInsee, Nom, Arrondissement, CodePostal) VALUES('95427','Montmagny','','95360')
INSERT INTO Ville (CodeInsee, Nom, Arrondissement, CodePostal) VALUES('95428','Montmorency','','95160')
INSERT INTO Ville (CodeInsee, Nom, Arrondissement, CodePostal) VALUES('95476','Osny','','95520')
INSERT INTO Ville (CodeInsee, Nom, Arrondissement, CodePostal) VALUES('95500','Pontoise','','95300')
INSERT INTO Ville (CodeInsee, Nom, Arrondissement, CodePostal) VALUES('95539','Saint-Brice-sous-Forêt','','95350')
INSERT INTO Ville (CodeInsee, Nom, Arrondissement, CodePostal) VALUES('95555','Saint-Gratien','','95210')
INSERT INTO Ville (CodeInsee, Nom, Arrondissement, CodePostal) VALUES('95563','Saint-Leu-la-Forêt','','95320')
INSERT INTO Ville (CodeInsee, Nom, Arrondissement, CodePostal) VALUES('95572','Saint-Ouen-l''Aumône','','95310')
INSERT INTO Ville (CodeInsee, Nom, Arrondissement, CodePostal) VALUES('95582','Sannois','','95110')
INSERT INTO Ville (CodeInsee, Nom, Arrondissement, CodePostal) VALUES('95585','Sarcelles','','95200')
INSERT INTO Ville (CodeInsee, Nom, Arrondissement, CodePostal) VALUES('95598','Soisy-sous-Montmorency','','95230')
INSERT INTO Ville (CodeInsee, Nom, Arrondissement, CodePostal) VALUES('95607','Taverny','','95150')
INSERT INTO Ville (CodeInsee, Nom, Arrondissement, CodePostal) VALUES('95637','Vauréal','','95490')
INSERT INTO Ville (CodeInsee, Nom, Arrondissement, CodePostal) VALUES('95680','Villiers-le-Bel','','95400')
INSERT INTO Ville (CodeInsee, Nom, Arrondissement, CodePostal) VALUES('2A004','Ajaccio','','20000')
INSERT INTO Ville (CodeInsee, Nom, Arrondissement, CodePostal) VALUES('2A247','Porto-Vecchio','','20137')
INSERT INTO Ville (CodeInsee, Nom, Arrondissement, CodePostal) VALUES('2B033','Bastia','','20200')

/*------------------------------------------------------------
-- Table: Agence
------------------------------------------------------------*/
SET IDENTITY_INSERT Agence ON; 
INSERT into Agence (Id, Libelle, Adresse, Telephone, Email, SiteWeb, CodeInseeVille) VALUES (1, 'Riofluo Activité', '7 rue jules Ferry', '0951028276', 'sophie.henry@riofluo.com', 'http:// www.riofluo.com', '9225'); 
INSERT into Agence (Id, Libelle, Adresse, Telephone, Email, SiteWeb, CodeInseeVille) VALUES (2, 'Novell’art', '6, rue Déodat de Severac', '0686214715', 'stephanie.novello@novellart.com', 'http:// www.novellart.com', '7010');
INSERT into Agence (Id, Libelle, Adresse, Telephone, Email, SiteWeb, CodeInseeVille) VALUES (3, 'LJ communication', '16 rue de l''arcade', '0145038989', 'paul.pierrat@ljcom.net', 'http:// www.ljcom.net', '5023');
INSERT into Agence (Id, Libelle, Adresse, Telephone, Email, SiteWeb, CodeInseeVille) VALUES (4, 'Image & stratégie', '30 rue Fortuny', '0142896500', 'bruno.fuchs@image-strategie.com', 'http:// www.image-strategie.com', '3321');
SET IDENTITY_INSERT Agence OFF; 


/*------------------------------------------------------------
-- Table: CourantArtistique
------------------------------------------------------------*/
SET IDENTITY_INSERT CourantArtistique ON;
INSERT INTO CourantArtistique (Id, Libelle) VALUES (1, 'Street art');
INSERT INTO CourantArtistique (Id, Libelle) VALUES (2, 'Bio art');
INSERT INTO CourantArtistique (Id, Libelle) VALUES (3, 'Art Brut');
INSERT INTO CourantArtistique (Id, Libelle) VALUES (4, 'Action painting');
INSERT INTO CourantArtistique (Id, Libelle) VALUES (5, 'Optical art');
INSERT INTO CourantArtistique (Id, Libelle) VALUES (6, 'Installation');
SET IDENTITY_INSERT CourantArtistique OFF;

/*------------------------------------------------------------
-- Table: Artiste
------------------------------------------------------------*/
SET IDENTITY_INSERT Artiste ON;
INSERT INTO Artiste (Id, Nom, SiteWeb, IdCourantArtistique) VALUES (1, 'Skull', 'www.skull.com', 1);
INSERT INTO Artiste (Id, Nom, SiteWeb, IdCourantArtistique) VALUES (2, 'Hopare', 'www.hopare.com', 1);
INSERT INTO Artiste (Id, Nom, SiteWeb, IdCourantArtistique) VALUES (3, 'Shaka', 'www.shaka1.fr', 1);
INSERT INTO Artiste (Id, Nom, SiteWeb, IdCourantArtistique) VALUES (4, 'Piccinini', 'www.piccinini.fr', 2);
INSERT INTO Artiste (Id, Nom, SiteWeb, IdCourantArtistique) VALUES (5, 'Orlan', 'http://www.orlan.eu', 2);
INSERT INTO Artiste (Id, Nom, SiteWeb, IdCourantArtistique) VALUES (6, 'Stelarc', 'http://www.stelarc.va.com.au', 2);
INSERT INTO Artiste (Id, Nom, SiteWeb, IdCourantArtistique) VALUES (7, 'Bruno Montpied', 'http://www.montpied.fr', 3);
INSERT INTO Artiste (Id, Nom, SiteWeb, IdCourantArtistique) VALUES (8, 'Agusil', 'https://www.facebook.com/marc.gonzalezlopez.9', 4);
INSERT INTO Artiste (Id, Nom, SiteWeb, IdCourantArtistique) VALUES (9, 'Bibi', 'http://www.bibi.fr/', 6);
INSERT INTO Artiste (Id, Nom, SiteWeb, IdCourantArtistique) VALUES (10, 'Pierrick Sorin', 'https://www.facebook.com/PierrickSorinOfficiel', 6);
INSERT INTO Artiste (Id, Nom, SiteWeb, IdCourantArtistique) VALUES (11, 'Cécile Plaisance', 'http://www.cecileplaisance.com', 6);
SET IDENTITY_INSERT Artiste OFF;

/*------------------------------------------------------------
-- Table: TypePublic
------------------------------------------------------------*/
SET IDENTITY_INSERT TypePublic ON;
INSERT INTO TypePublic (Id, Libelle) VALUES (1, 'Tout public');
INSERT INTO TypePublic (Id, Libelle) VALUES (2, 'Enfants');
INSERT INTO TypePublic (Id, Libelle) VALUES (3, 'Adolescents');
INSERT INTO TypePublic (Id, Libelle) VALUES (4, 'Jeunes adultes');
INSERT INTO TypePublic (Id, Libelle) VALUES (5, 'Adultes');
INSERT INTO TypePublic (Id, Libelle) VALUES (6, 'Séniors');
INSERT INTO TypePublic (Id, Libelle) VALUES (7, 'Femmes');
INSERT INTO TypePublic (Id, Libelle) VALUES (8, 'Hommes');
SET IDENTITY_INSERT TypePublic OFF;

/*------------------------------------------------------------
-- Table: Role
------------------------------------------------------------*/
SET IDENTITY_INSERT Role ON;
INSERT INTO Role (Id, Libelle)  VALUES (1, 'Directeur financier');
INSERT INTO Role (Id, Libelle)  VALUES (2, 'Directeur service communication');
INSERT INTO Role (Id, Libelle)  VALUES (3, 'DEmployé service communication');
SET IDENTITY_INSERT Role OFF

/*------------------------------------------------------------
-- Table: Salarie
------------------------------------------------------------*/
SET IDENTITY_INSERT Salarie ON;
INSERT INTO Salarie (Id, Nom, Prenom, Login, Mdp, IdRole) VALUES (1, 'BONDY', 'Frédéric', 'fbondy', '123456', 3);
INSERT INTO Salarie (Id, Nom, Prenom, Login, Mdp, IdRole) VALUES (2, 'COLLET', 'Alizée', 'acollet', '123456', 3);
INSERT INTO Salarie (Id, Nom, Prenom, Login, Mdp, IdRole) VALUES (3, 'THARAUD', 'Pascale', 'ptharaud', '123456', 3);
INSERT INTO Salarie (Id, Nom, Prenom, Login, Mdp, IdRole) VALUES (4, 'GRUNY', 'Paul', 'pgruny', '123456', 3);
INSERT INTO Salarie (Id, Nom, Prenom, Login, Mdp, IdRole) VALUES (5, 'NORMAN', 'Vincent', 'vnorman,',  '123456', 3);
SET IDENTITY_INSERT Employe OFF;

/*------------------------------------------------------------
-- Table: CategorieVip
------------------------------------------------------------*/
SET IDENTITY_INSERT CategorieVip ON;
INSERT INTO CategorieVip (Id, Libelle) VALUES (1, 'Journaliste');
INSERT INTO CategorieVip (Id, Libelle) VALUES (2, 'Médecin');
INSERT INTO CategorieVip (Id, Libelle) VALUES (3, 'Pharmacien');
INSERT INTO CategorieVip (Id, Libelle) VALUES (4, 'Ministre');
INSERT INTO CategorieVip (Id, Libelle) VALUES (5, 'Député');
SET IDENTITY_INSERT CategorieVip OFF;


/*------------------------------------------------------------
-- Table: Campagne
------------------------------------------------------------*/
SET IDENTITY_INSERT Campagne ON;
INSERT INTO Campagne(Id, Intitule, Objectif, DateDebut, DateFin, IdTypePublic, IdAgenceCommunication, IdAgenceEvenementiel, IdSalarie) VALUES (1, 'Médicaments sans médecin : attention, danger !', 'Les dangers de l’achat de médicaments sur Internet', '2023-01-01', '2023-03-31', 1, 2, NULL, 3)
INSERT INTO Campagne(Id, Intitule, Objectif, DateDebut, DateFin, IdTypePublic, IdAgenceCommunication, IdAgenceEvenementiel, IdSalarie) VALUES (2, 'Prendre ou reprendre le contrôle de son asthme', 'Apprendre les gestes simples pour maîtriser les symptômes et prévenir les crises', '2023-01-31', '2023-04-15', 1, NULL,  1, 2)
SET IDENTITY_INSERT Campagne OFF;


/*------------------------------------------------------------
-- Table: Theme
------------------------------------------------------------*/
SET IDENTITY_INSERT Theme ON;
INSERT INTO Theme(Id, Libelle) VALUES (1 , 'Réalisation oeuvre sur le sol');
INSERT INTO Theme(Id, Libelle) VALUES (2 , 'Emballage de monument');
INSERT INTO Theme(Id, Libelle) VALUES (3 , 'Réalisation de toile géante par plusieurs artistes');
SET IDENTITY_INSERT Theme OFF;


/*------------------------------------------------------------
-- Table: VIP
------------------------------------------------------------*/
SET IDENTITY_INSERT VIP ON;
INSERT INTO VIP(Id , Nom , AdressePostal , Email , IdCategorieVIP , CodeInseeVille) VALUES ( 1 , 'jean', '10 rue des nouilles' , 'jeanlanouille@gmail.com' , 5 , '9225');
INSERT INTO VIP(Id , Nom , AdressePostal , Email , IdCategorieVIP , CodeInseeVille) VALUES ( 2 , 'Marc', '10 rue des chèvres' , 'marclachevre@gmail.com' , 2 , '9225');
SET IDENTITY_INSERT VIP OFF;

/*------------------------------------------------------------
-- Table: Evenement
------------------------------------------------------------*/
SET IDENTITY_INSERT Evenement ON; 
INSERT INTO Evenement (Id, DateDebut, DateFin, Intitule, IdTheme, CodeInseeVille, IdCategorieVIP, IdCampagne) VALUES (1, '19-12-2024', '20-12-2024', 'Test', 1, '9225' , 2 , 1);
SET IDENTITY_INSERT Evenement OFF;



